operator,original_path,mutant_path,equivalent,valid,depqbf_status_original,depqbf_status_mutant,depqbf_median_original,depqbf_median_mutant,depqbf_time_ratio,caqe_status_original,caqe_status_mutant,caqe_median_original,caqe_median_mutant,caqe_time_ratio,line_coverage_original,line_coverage_mutant,line_coverage_delta,branch_coverage_original,branch_coverage_mutant,branch_coverage_delta
tautology_insertion,/Users/mkhabour/Desktop/QBNF/qbf_transformer/benchmarks/qdimacs__Basler__wmiforward__stmt1_20_21.qdimacs,/Users/mkhabour/Desktop/QBNF/qbf_transformer/mutants/qdimacs__Basler__wmiforward__stmt1_20_21_tautology_insertion.qdimacs,True,True,SAT,SAT,0.017017645994201303,0.016285958467051387,0.957004186865843,SAT,SAT,0.006234625005163252,0.006111604510806501,0.9802681806436039,47.17516481682383,47.20854543937244,0.03338062254861285,53.9610683567225,53.991247925154674,0.03017956843217462
pure_literal_gen_auto,/Users/mkhabour/Desktop/QBNF/qbf_transformer/benchmarks/qdimacs__Basler__wmiforward__stmt1_20_21.qdimacs,/Users/mkhabour/Desktop/QBNF/qbf_transformer/mutants/qdimacs__Basler__wmiforward__stmt1_20_21_pure_literal_gen_auto.qdimacs,True,True,SAT,SAT,0.016539375006686896,0.016619874979369342,1.0048671713804118,SAT,SAT,0.005896187503822148,0.005266812513582408,0.8932572972226963,47.17516481682383,47.16681966118668,-0.008345155637151436,53.9610683567225,53.9610683567225,0.0
pure_literal_gen_pos,/Users/mkhabour/Desktop/QBNF/qbf_transformer/benchmarks/qdimacs__Basler__wmiforward__stmt1_20_21.qdimacs,/Users/mkhabour/Desktop/QBNF/qbf_transformer/mutants/qdimacs__Basler__wmiforward__stmt1_20_21_pure_literal_gen_pos.qdimacs,True,True,SAT,SAT,0.016257978975772858,0.015938541502691805,0.9803519568110484,SAT,SAT,0.00589631253387779,0.005313895526342094,0.9012235182261172,47.17516481682383,47.16681966118668,-0.008345155637151436,53.9610683567225,53.9610683567225,0.0
universal_reduction_trigger,/Users/mkhabour/Desktop/QBNF/qbf_transformer/benchmarks/qdimacs__Basler__wmiforward__stmt1_20_21.qdimacs,/Users/mkhabour/Desktop/QBNF/qbf_transformer/mutants/qdimacs__Basler__wmiforward__stmt1_20_21_universal_reduction_trigger.qdimacs,True,True,SAT,SAT,0.01629364595282823,0.016139437502715737,0.9905356695144266,SAT,SAT,0.005837770528160036,0.005863416998181492,1.0043931959808532,47.17516481682383,47.20854543937244,0.03338062254861285,53.9610683567225,53.991247925154674,0.03017956843217462
blocked_clause_insertion,/Users/mkhabour/Desktop/QBNF/qbf_transformer/benchmarks/qdimacs__Basler__wmiforward__stmt1_20_21.qdimacs,/Users/mkhabour/Desktop/QBNF/qbf_transformer/mutants/qdimacs__Basler__wmiforward__stmt1_20_21_blocked_clause_insertion.qdimacs,True,True,SAT,SAT,0.016227541957050562,0.01611104200128466,0.9928208501278725,SAT,SAT,0.0058679585345089436,0.00590004154946655,1.005467491763776,47.17516481682383,47.17516481682383,0.0,53.9610683567225,53.9610683567225,0.0
blocked_clause_insertion_neg,/Users/mkhabour/Desktop/QBNF/qbf_transformer/benchmarks/qdimacs__Basler__wmiforward__stmt1_20_21.qdimacs,/Users/mkhabour/Desktop/QBNF/qbf_transformer/mutants/qdimacs__Basler__wmiforward__stmt1_20_21_blocked_clause_insertion_neg.qdimacs,True,True,SAT,SAT,0.0162859580013901,0.016105104004964232,0.9888950962288844,SAT,SAT,0.005950583494268358,0.005911770567763597,0.993477458716083,47.17516481682383,47.25861637319536,0.08345155637152857,53.9610683567225,54.0666968462351,0.10562848951259696
blocked_clause_insertion_v1,/Users/mkhabour/Desktop/QBNF/qbf_transformer/benchmarks/qdimacs__Basler__wmiforward__stmt1_20_21.qdimacs,/Users/mkhabour/Desktop/QBNF/qbf_transformer/mutants/qdimacs__Basler__wmiforward__stmt1_20_21_blocked_clause_insertion_v1.qdimacs,True,True,SAT,SAT,0.016100812528748065,0.01616085396381095,1.0037290934824363,SAT,SAT,0.0059232914936728776,0.005945854529272765,1.0038092056796444,47.17516481682383,47.17516481682383,0.0,53.9610683567225,53.9610683567225,0.0
tautology_insertion,/Users/mkhabour/Desktop/QBNF/qbf_transformer/benchmarks/qdimacs__Basler__wmiforward__stmt24_148_149.qdimacs,/Users/mkhabour/Desktop/QBNF/qbf_transformer/mutants/qdimacs__Basler__wmiforward__stmt24_148_149_tautology_insertion.qdimacs,True,True,SAT,SAT,0.023692000017035753,0.02358229149831459,0.9953693855038714,SAT,SAT,0.006749416526872665,0.0069157915422692895,1.0246502812108582,46.983226237169326,47.01660685971794,0.03338062254861285,53.94597857250641,53.97615814093858,0.030179568432167514
pure_literal_gen_auto,/Users/mkhabour/Desktop/QBNF/qbf_transformer/benchmarks/qdimacs__Basler__wmiforward__stmt24_148_149.qdimacs,/Users/mkhabour/Desktop/QBNF/qbf_transformer/mutants/qdimacs__Basler__wmiforward__stmt24_148_149_pure_literal_gen_auto.qdimacs,True,True,SAT,SAT,0.024006937514059246,0.023635708435904235,0.9845365916440776,SAT,SAT,0.006907729024533182,0.006301312532741576,0.912211887635157,46.983226237169326,46.974881081532175,-0.008345155637151436,53.94597857250641,53.94597857250641,0.0
pure_literal_gen_pos,/Users/mkhabour/Desktop/QBNF/qbf_transformer/benchmarks/qdimacs__Basler__wmiforward__stmt24_148_149.qdimacs,/Users/mkhabour/Desktop/QBNF/qbf_transformer/mutants/qdimacs__Basler__wmiforward__stmt24_148_149_pure_literal_gen_pos.qdimacs,True,True,SAT,SAT,0.02354320796439424,0.023450292006600648,0.9960533858455434,SAT,SAT,0.0067592079867608845,0.006839812500402331,1.0119251417916604,46.983226237169326,46.974881081532175,-0.008345155637151436,53.94597857250641,53.94597857250641,0.0
universal_reduction_trigger,/Users/mkhabour/Desktop/QBNF/qbf_transformer/benchmarks/qdimacs__Basler__wmiforward__stmt24_148_149.qdimacs,/Users/mkhabour/Desktop/QBNF/qbf_transformer/mutants/qdimacs__Basler__wmiforward__stmt24_148_149_universal_reduction_trigger.qdimacs,True,True,SAT,SAT,0.023810145969036967,0.023497833055444062,0.9868832003802479,SAT,SAT,0.007473271049093455,0.007272791466675699,0.973173784130033,46.983226237169326,47.01660685971794,0.03338062254861285,53.94597857250641,53.97615814093858,0.030179568432167514
blocked_clause_insertion,/Users/mkhabour/Desktop/QBNF/qbf_transformer/benchmarks/qdimacs__Basler__wmiforward__stmt24_148_149.qdimacs,/Users/mkhabour/Desktop/QBNF/qbf_transformer/mutants/qdimacs__Basler__wmiforward__stmt24_148_149_blocked_clause_insertion.qdimacs,True,True,SAT,SAT,0.024702708527911454,0.025083187443669885,1.0154023157148346,SAT,SAT,0.006806291465181857,0.007395499967969954,1.086568214982012,46.983226237169326,46.983226237169326,0.0,53.94597857250641,53.94597857250641,0.0
blocked_clause_insertion_neg,/Users/mkhabour/Desktop/QBNF/qbf_transformer/benchmarks/qdimacs__Basler__wmiforward__stmt24_148_149.qdimacs,/Users/mkhabour/Desktop/QBNF/qbf_transformer/mutants/qdimacs__Basler__wmiforward__stmt24_148_149_blocked_clause_insertion_neg.qdimacs,True,True,SAT,SAT,0.023821395938284695,0.025218082999344915,1.0586316211140057,SAT,SAT,0.007111854036338627,0.006841915950644761,0.9620439221172715,46.983226237169326,47.06667779354085,0.08345155637152146,53.94597857250641,54.051607062019016,0.10562848951260406
blocked_clause_insertion_v1,/Users/mkhabour/Desktop/QBNF/qbf_transformer/benchmarks/qdimacs__Basler__wmiforward__stmt24_148_149.qdimacs,/Users/mkhabour/Desktop/QBNF/qbf_transformer/mutants/qdimacs__Basler__wmiforward__stmt24_148_149_blocked_clause_insertion_v1.qdimacs,True,True,SAT,SAT,0.02516656252555549,0.025917500024661422,1.029838699597666,SAT,SAT,0.007271333015523851,0.007054458488710225,0.9701740346164022,46.983226237169326,46.983226237169326,0.0,53.94597857250641,53.94597857250641,0.0
tautology_insertion,/Users/mkhabour/Desktop/QBNF/qbf_transformer/benchmarks/qdimacs__Basler__wmiforward__stmt24_148_149_008.qdimacs,/Users/mkhabour/Desktop/QBNF/qbf_transformer/mutants/qdimacs__Basler__wmiforward__stmt24_148_149_008_tautology_insertion.qdimacs,True,True,SAT,SAT,0.024044812482316047,0.024006332969293,0.9983996750629123,SAT,SAT,0.006904666486661881,0.006641729036346078,0.9619188774977424,46.983226237169326,47.01660685971794,0.03338062254861285,53.94597857250641,53.97615814093858,0.030179568432167514
pure_literal_gen_auto,/Users/mkhabour/Desktop/QBNF/qbf_transformer/benchmarks/qdimacs__Basler__wmiforward__stmt24_148_149_008.qdimacs,/Users/mkhabour/Desktop/QBNF/qbf_transformer/mutants/qdimacs__Basler__wmiforward__stmt24_148_149_008_pure_literal_gen_auto.qdimacs,True,True,SAT,SAT,0.023719937540590763,0.023572687059640884,0.9937921218933272,SAT,SAT,0.006986604479607195,0.006336063030175865,0.9068873225427089,46.983226237169326,46.974881081532175,-0.008345155637151436,53.94597857250641,53.94597857250641,0.0
pure_literal_gen_pos,/Users/mkhabour/Desktop/QBNF/qbf_transformer/benchmarks/qdimacs__Basler__wmiforward__stmt24_148_149_008.qdimacs,/Users/mkhabour/Desktop/QBNF/qbf_transformer/mutants/qdimacs__Basler__wmiforward__stmt24_148_149_008_pure_literal_gen_pos.qdimacs,True,True,SAT,SAT,0.025060333544388413,0.023553687031380832,0.939879231442035,SAT,SAT,0.006828937446698546,0.006051520991604775,0.8861585039895755,46.983226237169326,46.974881081532175,-0.008345155637151436,53.94597857250641,53.94597857250641,0.0
universal_reduction_trigger,/Users/mkhabour/Desktop/QBNF/qbf_transformer/benchmarks/qdimacs__Basler__wmiforward__stmt24_148_149_008.qdimacs,/Users/mkhabour/Desktop/QBNF/qbf_transformer/mutants/qdimacs__Basler__wmiforward__stmt24_148_149_008_universal_reduction_trigger.qdimacs,True,True,SAT,SAT,0.023595645499881357,0.023510562488809228,0.9963941223361507,SAT,SAT,0.006798542046453804,0.00667908345349133,0.9824287925048893,46.983226237169326,47.01660685971794,0.03338062254861285,53.94597857250641,53.97615814093858,0.030179568432167514
blocked_clause_insertion,/Users/mkhabour/Desktop/QBNF/qbf_transformer/benchmarks/qdimacs__Basler__wmiforward__stmt24_148_149_008.qdimacs,/Users/mkhabour/Desktop/QBNF/qbf_transformer/mutants/qdimacs__Basler__wmiforward__stmt24_148_149_008_blocked_clause_insertion.qdimacs,True,True,SAT,SAT,0.02371668751584366,0.02370179200079292,0.9993719394818189,SAT,SAT,0.006949957984033972,0.006800666567869484,0.9785190908337212,46.983226237169326,46.983226237169326,0.0,53.94597857250641,53.94597857250641,0.0
blocked_clause_insertion_neg,/Users/mkhabour/Desktop/QBNF/qbf_transformer/benchmarks/qdimacs__Basler__wmiforward__stmt24_148_149_008.qdimacs,/Users/mkhabour/Desktop/QBNF/qbf_transformer/mutants/qdimacs__Basler__wmiforward__stmt24_148_149_008_blocked_clause_insertion_neg.qdimacs,True,True,SAT,SAT,0.023611708485987037,0.02342112548649311,0.9919284536480266,SAT,SAT,0.006752895482350141,0.006733812508173287,0.9971741049114812,46.983226237169326,47.06667779354085,0.08345155637152146,53.94597857250641,54.051607062019016,0.10562848951260406
blocked_clause_insertion_v1,/Users/mkhabour/Desktop/QBNF/qbf_transformer/benchmarks/qdimacs__Basler__wmiforward__stmt24_148_149_008.qdimacs,/Users/mkhabour/Desktop/QBNF/qbf_transformer/mutants/qdimacs__Basler__wmiforward__stmt24_148_149_008_blocked_clause_insertion_v1.qdimacs,True,True,SAT,SAT,0.023424166487529874,0.02387233346235007,1.0191326754383676,SAT,SAT,0.0066769999684765935,0.006738395954016596,1.009195145399111,46.983226237169326,46.983226237169326,0.0,53.94597857250641,53.94597857250641,0.0
tautology_insertion,/Users/mkhabour/Desktop/QBNF/qbf_transformer/benchmarks/qdimacs__Basler__wmiforward__stmt6_13_14.qdimacs,/Users/mkhabour/Desktop/QBNF/qbf_transformer/mutants/qdimacs__Basler__wmiforward__stmt6_13_14_tautology_insertion.qdimacs,True,True,SAT,SAT,0.005174271005671471,0.00499683350790292,0.9657077301181048,SAT,SAT,0.005482270498760045,0.005736604449339211,1.0463920834691922,46.86639405824919,46.8997746807978,0.03338062254860574,53.689452240832956,53.719631809265124,0.030179568432167514
pure_literal_gen_auto,/Users/mkhabour/Desktop/QBNF/qbf_transformer/benchmarks/qdimacs__Basler__wmiforward__stmt6_13_14.qdimacs,/Users/mkhabour/Desktop/QBNF/qbf_transformer/mutants/qdimacs__Basler__wmiforward__stmt6_13_14_pure_literal_gen_auto.qdimacs,True,True,SAT,SAT,0.005162249959539622,0.004903124470729381,0.9498037695111241,SAT,SAT,0.005289354478009045,0.004734583490062505,0.8951155589490081,46.86639405824919,46.85804890261203,-0.008345155637158541,53.689452240832956,53.689452240832956,0.0
pure_literal_gen_pos,/Users/mkhabour/Desktop/QBNF/qbf_transformer/benchmarks/qdimacs__Basler__wmiforward__stmt6_13_14.qdimacs,/Users/mkhabour/Desktop/QBNF/qbf_transformer/mutants/qdimacs__Basler__wmiforward__stmt6_13_14_pure_literal_gen_pos.qdimacs,True,True,SAT,SAT,0.005240374943241477,0.005286479485221207,1.0087979471849036,SAT,SAT,0.005999687477014959,0.0051620620070025325,0.860388483029924,46.86639405824919,46.85804890261203,-0.008345155637158541,53.689452240832956,53.689452240832956,0.0
universal_reduction_trigger,/Users/mkhabour/Desktop/QBNF/qbf_transformer/benchmarks/qdimacs__Basler__wmiforward__stmt6_13_14.qdimacs,/Users/mkhabour/Desktop/QBNF/qbf_transformer/mutants/qdimacs__Basler__wmiforward__stmt6_13_14_universal_reduction_trigger.qdimacs,True,True,SAT,SAT,0.005099271540530026,0.005326979502569884,1.0446549983129922,SAT,SAT,0.005915875546634197,0.005448187468573451,0.9209435569808708,46.86639405824919,46.8997746807978,0.03338062254860574,53.689452240832956,53.719631809265124,0.030179568432167514
blocked_clause_insertion,/Users/mkhabour/Desktop/QBNF/qbf_transformer/benchmarks/qdimacs__Basler__wmiforward__stmt6_13_14.qdimacs,/Users/mkhabour/Desktop/QBNF/qbf_transformer/mutants/qdimacs__Basler__wmiforward__stmt6_13_14_blocked_clause_insertion.qdimacs,True,True,SAT,SAT,0.005199645995162427,0.005182021006476134,0.996610348338581,SAT,SAT,0.005853332986589521,0.005965749558527023,1.019205565819518,46.86639405824919,46.86639405824919,0.0,53.689452240832956,53.689452240832956,0.0
blocked_clause_insertion_neg,/Users/mkhabour/Desktop/QBNF/qbf_transformer/benchmarks/qdimacs__Basler__wmiforward__stmt6_13_14.qdimacs,/Users/mkhabour/Desktop/QBNF/qbf_transformer/mutants/qdimacs__Basler__wmiforward__stmt6_13_14_blocked_clause_insertion_neg.qdimacs,True,True,SAT,SAT,0.005531937524210662,0.00515835452824831,0.9324679654592344,SAT,SAT,0.005474667006637901,0.00563008344033733,1.028388289828585,46.86639405824919,46.94984561462071,0.08345155637152146,53.689452240832956,53.79508073034556,0.10562848951260406
blocked_clause_insertion_v1,/Users/mkhabour/Desktop/QBNF/qbf_transformer/benchmarks/qdimacs__Basler__wmiforward__stmt6_13_14.qdimacs,/Users/mkhabour/Desktop/QBNF/qbf_transformer/mutants/qdimacs__Basler__wmiforward__stmt6_13_14_blocked_clause_insertion_v1.qdimacs,True,True,SAT,SAT,0.005357271002139896,0.005387291486840695,1.0056036897683183,SAT,SAT,0.0062086249818094075,0.006269709032494575,1.0098385795347822,46.86639405824919,46.86639405824919,0.0,53.689452240832956,53.689452240832956,0.0
tautology_insertion,/Users/mkhabour/Desktop/QBNF/qbf_transformer/benchmarks/qdimacs__Castellini__ToiletC__toilet_c_04_01.5.qdimacs,/Users/mkhabour/Desktop/QBNF/qbf_transformer/mutants/qdimacs__Castellini__ToiletC__toilet_c_04_01.5_tautology_insertion.qdimacs,True,True,UNSAT,UNSAT,0.006445167062338442,0.006183061981573701,0.9593330819465766,UNSAT,UNSAT,0.007081521034706384,0.007029458007309586,0.9926480445173236,47.750980555787365,47.767670867061675,0.016690311274309977,54.24777425682813,54.24777425682813,0.0
pure_literal_gen_auto,/Users/mkhabour/Desktop/QBNF/qbf_transformer/benchmarks/qdimacs__Castellini__ToiletC__toilet_c_04_01.5.qdimacs,/Users/mkhabour/Desktop/QBNF/qbf_transformer/mutants/qdimacs__Castellini__ToiletC__toilet_c_04_01.5_pure_literal_gen_auto.qdimacs,True,True,UNSAT,UNSAT,0.006279667024500668,0.006133479590062052,0.9767205117933399,UNSAT,UNSAT,0.007536770950537175,0.0068387085339054465,0.9073791121936676,47.750980555787365,47.73429024451306,-0.01669031127430287,54.24777425682813,54.217594688395955,-0.03017956843217462
pure_literal_gen_neg,/Users/mkhabour/Desktop/QBNF/qbf_transformer/benchmarks/qdimacs__Castellini__ToiletC__toilet_c_04_01.5.qdimacs,/Users/mkhabour/Desktop/QBNF/qbf_transformer/mutants/qdimacs__Castellini__ToiletC__toilet_c_04_01.5_pure_literal_gen_neg.qdimacs,True,True,UNSAT,UNSAT,0.006325291469693184,0.006049354036804289,0.9563755387066329,UNSAT,UNSAT,0.007004979532212019,0.006881208508275449,0.9823309942067047,47.750980555787365,47.73429024451306,-0.01669031127430287,54.24777425682813,54.217594688395955,-0.03017956843217462
universal_reduction_trigger,/Users/mkhabour/Desktop/QBNF/qbf_transformer/benchmarks/qdimacs__Castellini__ToiletC__toilet_c_04_01.5.qdimacs,/Users/mkhabour/Desktop/QBNF/qbf_transformer/mutants/qdimacs__Castellini__ToiletC__toilet_c_04_01.5_universal_reduction_trigger.qdimacs,True,True,UNSAT,UNSAT,0.006088083435315639,0.0060251454706303775,0.9896621054303935,UNSAT,UNSAT,0.006808937527239323,0.006844332965556532,1.0051983790680423,47.750980555787365,47.767670867061675,0.016690311274309977,54.24777425682813,54.24777425682813,0.0
blocked_clause_insertion,/Users/mkhabour/Desktop/QBNF/qbf_transformer/benchmarks/qdimacs__Castellini__ToiletC__toilet_c_04_01.5.qdimacs,/Users/mkhabour/Desktop/QBNF/qbf_transformer/mutants/qdimacs__Castellini__ToiletC__toilet_c_04_01.5_blocked_clause_insertion.qdimacs,True,True,UNSAT,UNSAT,0.006154083006549627,0.006224729469977319,1.011479608473351,UNSAT,UNSAT,0.006975145952310413,0.006332520977593958,0.9078693149777611,47.750980555787365,47.28365184010681,-0.46732871568055145,54.24777425682813,54.11196619888335,-0.13580805794477868
blocked_clause_insertion_neg,/Users/mkhabour/Desktop/QBNF/qbf_transformer/benchmarks/qdimacs__Castellini__ToiletC__toilet_c_04_01.5.qdimacs,/Users/mkhabour/Desktop/QBNF/qbf_transformer/mutants/qdimacs__Castellini__ToiletC__toilet_c_04_01.5_blocked_clause_insertion_neg.qdimacs,True,True,UNSAT,UNSAT,0.006602375069633126,0.006968229485210031,1.0554125465030926,UNSAT,UNSAT,0.007220061961561441,0.006863749993499368,0.9506497354234595,47.750980555787365,47.43386464157556,-0.3171159142118043,54.24777425682813,54.2779538252603,0.030179568432167514
blocked_clause_insertion_v1,/Users/mkhabour/Desktop/QBNF/qbf_transformer/benchmarks/qdimacs__Castellini__ToiletC__toilet_c_04_01.5.qdimacs,/Users/mkhabour/Desktop/QBNF/qbf_transformer/mutants/qdimacs__Castellini__ToiletC__toilet_c_04_01.5_blocked_clause_insertion_v1.qdimacs,True,True,UNSAT,UNSAT,0.006325416499748826,0.006548208009917289,1.0352216348405374,UNSAT,UNSAT,0.006863833463285118,0.006386062479577959,0.930392981376548,47.750980555787365,46.91646499207211,-0.8345155637152573,54.24777425682813,53.840350082993815,-0.40742417383431473
tautology_insertion,/Users/mkhabour/Desktop/QBNF/qbf_transformer/benchmarks/qdimacs__Castellini__ToiletC__toilet_c_06_01.4.qdimacs,/Users/mkhabour/Desktop/QBNF/qbf_transformer/mutants/qdimacs__Castellini__ToiletC__toilet_c_06_01.4_tautology_insertion.qdimacs,True,True,UNSAT,UNSAT,0.006396312965080142,0.006165521044749767,0.963917975622776,UNSAT,UNSAT,0.008144312479998916,0.008350707998033613,1.0253422886881576,47.63414837686723,47.65083868814153,0.01669031127430287,54.20250490417987,54.20250490417987,0.0
pure_literal_gen_auto,/Users/mkhabour/Desktop/QBNF/qbf_transformer/benchmarks/qdimacs__Castellini__ToiletC__toilet_c_06_01.4.qdimacs,/Users/mkhabour/Desktop/QBNF/qbf_transformer/mutants/qdimacs__Castellini__ToiletC__toilet_c_06_01.4_pure_literal_gen_auto.qdimacs,True,True,UNSAT,UNSAT,0.006769854458980262,0.006213146029040217,0.9177665585998578,UNSAT,UNSAT,0.00768491649068892,0.007799812534358352,1.0149508512953447,47.63414837686723,47.61745806559292,-0.016690311274309977,54.20250490417987,54.17232533574769,-0.03017956843217462
pure_literal_gen_neg,/Users/mkhabour/Desktop/QBNF/qbf_transformer/benchmarks/qdimacs__Castellini__ToiletC__toilet_c_06_01.4.qdimacs,/Users/mkhabour/Desktop/QBNF/qbf_transformer/mutants/qdimacs__Castellini__ToiletC__toilet_c_06_01.4_pure_literal_gen_neg.qdimacs,True,True,UNSAT,UNSAT,0.0067096875282004476,0.006639541999902576,0.9895456341293013,UNSAT,UNSAT,0.008273438084870577,0.008131083566695452,0.9827937893878187,47.63414837686723,47.61745806559292,-0.016690311274309977,54.20250490417987,54.17232533574769,-0.03017956843217462
universal_reduction_trigger,/Users/mkhabour/Desktop/QBNF/qbf_transformer/benchmarks/qdimacs__Castellini__ToiletC__toilet_c_06_01.4.qdimacs,/Users/mkhabour/Desktop/QBNF/qbf_transformer/mutants/qdimacs__Castellini__ToiletC__toilet_c_06_01.4_universal_reduction_trigger.qdimacs,True,True,UNSAT,UNSAT,0.006767187500372529,0.0062982289819046855,0.9307011194174791,UNSAT,UNSAT,0.00769258348736912,0.007643646094948053,0.993638367071164,47.63414837686723,47.65083868814153,0.01669031127430287,54.20250490417987,54.20250490417987,0.0
blocked_clause_insertion,/Users/mkhabour/Desktop/QBNF/qbf_transformer/benchmarks/qdimacs__Castellini__ToiletC__toilet_c_06_01.4.qdimacs,/Users/mkhabour/Desktop/QBNF/qbf_transformer/mutants/qdimacs__Castellini__ToiletC__toilet_c_06_01.4_blocked_clause_insertion.qdimacs,True,True,UNSAT,UNSAT,0.006682104023639113,0.0068350619985722005,1.0228906904759298,UNSAT,UNSAT,0.00786983297439292,0.00742166698910296,0.9430526687480896,47.63414837686723,46.57431361094884,-1.0598347659183887,54.20250490417987,53.41783612494342,-0.7846687792364477
blocked_clause_insertion_neg,/Users/mkhabour/Desktop/QBNF/qbf_transformer/benchmarks/qdimacs__Castellini__ToiletC__toilet_c_06_01.4.qdimacs,/Users/mkhabour/Desktop/QBNF/qbf_transformer/mutants/qdimacs__Castellini__ToiletC__toilet_c_06_01.4_blocked_clause_insertion_neg.qdimacs,True,True,UNSAT,UNSAT,0.006321375025436282,0.006378749909345061,1.0090763297032546,UNSAT,UNSAT,0.007927561993710697,0.007265250023920089,0.9164545202779807,47.63414837686723,47.36710339647834,-0.2670449803888886,54.20250490417987,54.18741511996379,-0.015089784216080204
blocked_clause_insertion_v1,/Users/mkhabour/Desktop/QBNF/qbf_transformer/benchmarks/qdimacs__Castellini__ToiletC__toilet_c_06_01.4.qdimacs,/Users/mkhabour/Desktop/QBNF/qbf_transformer/mutants/qdimacs__Castellini__ToiletC__toilet_c_06_01.4_blocked_clause_insertion_v1.qdimacs,True,True,UNSAT,UNSAT,0.006277124979533255,0.006391917006112635,1.0182873571824143,UNSAT,UNSAT,0.007684624521061778,0.007256979530211538,0.9443505678542701,47.63414837686723,46.699490945506135,-0.9346574313610958,54.20250490417987,53.6441828881847,-0.5583220159951665
tautology_insertion,/Users/mkhabour/Desktop/QBNF/qbf_transformer/benchmarks/qdimacs__Jordan-Kaiser__reduction-finding-full-set-params-k1c3n4__axquery_query30_1344n.qdimacs,/Users/mkhabour/Desktop/QBNF/qbf_transformer/mutants/qdimacs__Jordan-Kaiser__reduction-finding-full-set-params-k1c3n4__axquery_query30_1344n_tautology_insertion.qdimacs,True,True,SAT,SAT,0.005463124951347709,0.0053333749528974295,0.9762498570679276,SAT,SAT,0.004749562474898994,0.0048013749765232205,1.010908899903528,44.838521238421094,44.87190186096971,0.03338062254861285,51.13927870831447,51.16945827674664,0.030179568432167514
universal_reduction_trigger,/Users/mkhabour/Desktop/QBNF/qbf_transformer/benchmarks/qdimacs__Jordan-Kaiser__reduction-finding-full-set-params-k1c3n4__axquery_query30_1344n.qdimacs,/Users/mkhabour/Desktop/QBNF/qbf_transformer/mutants/qdimacs__Jordan-Kaiser__reduction-finding-full-set-params-k1c3n4__axquery_query30_1344n_universal_reduction_trigger.qdimacs,True,True,SAT,SAT,0.005311645974870771,0.0053490204736590385,1.0070363309160824,SAT,SAT,0.004752687469590455,0.004849999502766877,1.0204751593280774,44.838521238421094,44.87190186096971,0.03338062254861285,51.13927870831447,51.16945827674664,0.030179568432167514
blocked_clause_insertion,/Users/mkhabour/Desktop/QBNF/qbf_transformer/benchmarks/qdimacs__Jordan-Kaiser__reduction-finding-full-set-params-k1c3n4__axquery_query30_1344n.qdimacs,/Users/mkhabour/Desktop/QBNF/qbf_transformer/mutants/qdimacs__Jordan-Kaiser__reduction-finding-full-set-params-k1c3n4__axquery_query30_1344n_blocked_clause_insertion.qdimacs,True,True,SAT,SAT,0.00534781301394105,0.005410771002061665,1.0117726607038227,SAT,SAT,0.004753875022288412,0.004943062493111938,1.0397964754934714,44.838521238421094,45.04715012934991,0.20862889092881431,51.13927870831447,51.36562547155575,0.22634676324128122
blocked_clause_insertion_neg,/Users/mkhabour/Desktop/QBNF/qbf_transformer/benchmarks/qdimacs__Jordan-Kaiser__reduction-finding-full-set-params-k1c3n4__axquery_query30_1344n.qdimacs,/Users/mkhabour/Desktop/QBNF/qbf_transformer/mutants/qdimacs__Jordan-Kaiser__reduction-finding-full-set-params-k1c3n4__axquery_query30_1344n_blocked_clause_insertion_neg.qdimacs,True,True,SAT,SAT,0.005402770533692092,0.005405374977272004,1.0004820570415995,SAT,SAT,0.004847729462198913,0.0048206879291683435,0.9944218147399868,44.838521238421094,45.04715012934991,0.20862889092881431,51.13927870831447,51.35053568733967,0.21125697902520102
blocked_clause_insertion_v1,/Users/mkhabour/Desktop/QBNF/qbf_transformer/benchmarks/qdimacs__Jordan-Kaiser__reduction-finding-full-set-params-k1c3n4__axquery_query30_1344n.qdimacs,/Users/mkhabour/Desktop/QBNF/qbf_transformer/mutants/qdimacs__Jordan-Kaiser__reduction-finding-full-set-params-k1c3n4__axquery_query30_1344n_blocked_clause_insertion_v1.qdimacs,True,True,SAT,SAT,0.005587728985119611,0.005491709045600146,0.9828159275843243,SAT,SAT,0.004890332987997681,0.00488441699417308,0.9987902676895171,44.838521238421094,45.04715012934991,0.20862889092881431,51.13927870831447,51.36562547155575,0.22634676324128122
tautology_insertion,/Users/mkhabour/Desktop/QBNF/qbf_transformer/benchmarks/qdimacs__Jordan-Kaiser__reduction-finding-full-set-params-k1c3n4__eequery_query15_1344.qdimacs,/Users/mkhabour/Desktop/QBNF/qbf_transformer/mutants/qdimacs__Jordan-Kaiser__reduction-finding-full-set-params-k1c3n4__eequery_query15_1344_tautology_insertion.qdimacs,True,True,UNSAT,UNSAT,0.014238166506402194,0.014191624999511987,0.996731214874522,UNSAT,UNSAT,0.005175708560273051,0.005057916510850191,0.9772413674280288,44.3628473671034,44.39622798965201,0.03338062254861285,49.88682661837936,49.91700618681153,0.030179568432167514
universal_reduction_trigger,/Users/mkhabour/Desktop/QBNF/qbf_transformer/benchmarks/qdimacs__Jordan-Kaiser__reduction-finding-full-set-params-k1c3n4__eequery_query15_1344.qdimacs,/Users/mkhabour/Desktop/QBNF/qbf_transformer/mutants/qdimacs__Jordan-Kaiser__reduction-finding-full-set-params-k1c3n4__eequery_query15_1344_universal_reduction_trigger.qdimacs,True,True,UNSAT,UNSAT,0.014324499992653728,0.01417979144025594,0.9898978287219797,UNSAT,UNSAT,0.004946395987644792,0.005040874995756894,1.019100575115315,44.3628473671034,44.39622798965201,0.03338062254861285,49.88682661837936,49.91700618681153,0.030179568432167514
blocked_clause_insertion,/Users/mkhabour/Desktop/QBNF/qbf_transformer/benchmarks/qdimacs__Jordan-Kaiser__reduction-finding-full-set-params-k1c3n4__eequery_query15_1344.qdimacs,/Users/mkhabour/Desktop/QBNF/qbf_transformer/mutants/qdimacs__Jordan-Kaiser__reduction-finding-full-set-params-k1c3n4__eequery_query15_1344_blocked_clause_insertion.qdimacs,True,True,UNSAT,UNSAT,0.014156104414723814,0.013797208026517183,0.9746472350236877,UNSAT,UNSAT,0.0049736249493435025,0.005044375022407621,1.0142250519057447,44.3628473671034,44.21263456563465,-0.15021280146874716,49.88682661837936,49.766108344650675,-0.12071827372868427
blocked_clause_insertion_neg,/Users/mkhabour/Desktop/QBNF/qbf_transformer/benchmarks/qdimacs__Jordan-Kaiser__reduction-finding-full-set-params-k1c3n4__eequery_query15_1344.qdimacs,/Users/mkhabour/Desktop/QBNF/qbf_transformer/mutants/qdimacs__Jordan-Kaiser__reduction-finding-full-set-params-k1c3n4__eequery_query15_1344_blocked_clause_insertion_neg.qdimacs,True,True,UNSAT,UNSAT,0.014166250010021031,0.016157249978277832,1.1405453078159988,UNSAT,UNSAT,0.005079041526187211,0.005051250045653433,0.9945282037190506,44.3628473671034,45.113911374447135,0.7510640073437358,49.88682661837936,51.0034706503697,1.1166440319903401
blocked_clause_insertion_v1,/Users/mkhabour/Desktop/QBNF/qbf_transformer/benchmarks/qdimacs__Jordan-Kaiser__reduction-finding-full-set-params-k1c3n4__eequery_query15_1344.qdimacs,/Users/mkhabour/Desktop/QBNF/qbf_transformer/mutants/qdimacs__Jordan-Kaiser__reduction-finding-full-set-params-k1c3n4__eequery_query15_1344_blocked_clause_insertion_v1.qdimacs,True,True,UNSAT,UNSAT,0.014206396008376032,0.013812583521939814,0.9722792123910928,UNSAT,UNSAT,0.005071541527286172,0.0050069999997504056,0.987273785063473,44.3628473671034,44.21263456563465,-0.15021280146874716,49.88682661837936,49.766108344650675,-0.12071827372868427
tautology_insertion,/Users/mkhabour/Desktop/QBNF/qbf_transformer/benchmarks/qdimacs__Jordan-Kaiser__reduction-finding-full-set-params-k1c3n4__exquery_query15_1344n.qdimacs,/Users/mkhabour/Desktop/QBNF/qbf_transformer/mutants/qdimacs__Jordan-Kaiser__reduction-finding-full-set-params-k1c3n4__exquery_query15_1344n_tautology_insertion.qdimacs,True,True,SAT,SAT,0.0053267914918251336,0.005380604474339634,1.0101023256865012,SAT,SAT,0.004726332961581647,0.004775645560584962,1.0104335854888253,44.88024701660686,44.913627639155465,0.03338062254860574,51.16945827674664,51.19963784517881,0.03017956843217462
universal_reduction_trigger,/Users/mkhabour/Desktop/QBNF/qbf_transformer/benchmarks/qdimacs__Jordan-Kaiser__reduction-finding-full-set-params-k1c3n4__exquery_query15_1344n.qdimacs,/Users/mkhabour/Desktop/QBNF/qbf_transformer/mutants/qdimacs__Jordan-Kaiser__reduction-finding-full-set-params-k1c3n4__exquery_query15_1344n_universal_reduction_trigger.qdimacs,True,True,SAT,SAT,0.005326416459865868,0.005324916506651789,0.99971839355308,SAT,SAT,0.004771749954670668,0.005070186976809055,1.0625424686903957,44.88024701660686,44.913627639155465,0.03338062254860574,51.16945827674664,51.19963784517881,0.03017956843217462
blocked_clause_insertion,/Users/mkhabour/Desktop/QBNF/qbf_transformer/benchmarks/qdimacs__Jordan-Kaiser__reduction-finding-full-set-params-k1c3n4__exquery_query15_1344n.qdimacs,/Users/mkhabour/Desktop/QBNF/qbf_transformer/mutants/qdimacs__Jordan-Kaiser__reduction-finding-full-set-params-k1c3n4__exquery_query15_1344n_blocked_clause_insertion.qdimacs,True,True,SAT,SAT,0.00555674999486655,0.005577313015237451,1.0037005480523502,SAT,SAT,0.004826062475331128,0.004945791501086205,1.0248088428956492,44.88024701660686,45.08887590753567,0.20862889092881431,51.16945827674664,51.39580503998793,0.22634676324128833
blocked_clause_insertion_neg,/Users/mkhabour/Desktop/QBNF/qbf_transformer/benchmarks/qdimacs__Jordan-Kaiser__reduction-finding-full-set-params-k1c3n4__exquery_query15_1344n.qdimacs,/Users/mkhabour/Desktop/QBNF/qbf_transformer/mutants/qdimacs__Jordan-Kaiser__reduction-finding-full-set-params-k1c3n4__exquery_query15_1344n_blocked_clause_insertion_neg.qdimacs,True,True,SAT,SAT,0.005435811937786639,0.00531152100302279,0.9771347985937759,SAT,SAT,0.0048518539988435805,0.004845833464059979,0.9987591269677454,44.88024701660686,45.08887590753567,0.20862889092881431,51.16945827674664,51.39580503998793,0.22634676324128833
blocked_clause_insertion_v1,/Users/mkhabour/Desktop/QBNF/qbf_transformer/benchmarks/qdimacs__Jordan-Kaiser__reduction-finding-full-set-params-k1c3n4__exquery_query15_1344n.qdimacs,/Users/mkhabour/Desktop/QBNF/qbf_transformer/mutants/qdimacs__Jordan-Kaiser__reduction-finding-full-set-params-k1c3n4__exquery_query15_1344n_blocked_clause_insertion_v1.qdimacs,True,True,SAT,SAT,0.005393729545176029,0.005351458501536399,0.992162928584835,SAT,SAT,0.004814458545297384,0.0048624585615471005,1.0099699718666393,44.88024701660686,45.08887590753567,0.20862889092881431,51.16945827674664,51.39580503998793,0.22634676324128833
tautology_insertion,/Users/mkhabour/Desktop/QBNF/qbf_transformer/benchmarks/qdimacs__Jordan-Kaiser__reduction-finding-full-set-params-k1c3n4__exquery_query30_1344n.qdimacs,/Users/mkhabour/Desktop/QBNF/qbf_transformer/mutants/qdimacs__Jordan-Kaiser__reduction-finding-full-set-params-k1c3n4__exquery_query30_1344n_tautology_insertion.qdimacs,True,True,SAT,SAT,0.005455395905300975,0.0052444375469349325,0.9613303301853756,SAT,SAT,0.004905916459392756,0.004805000498890877,0.9794297433849147,44.88024701660686,44.913627639155465,0.03338062254860574,51.16945827674664,51.19963784517881,0.03017956843217462
universal_reduction_trigger,/Users/mkhabour/Desktop/QBNF/qbf_transformer/benchmarks/qdimacs__Jordan-Kaiser__reduction-finding-full-set-params-k1c3n4__exquery_query30_1344n.qdimacs,/Users/mkhabour/Desktop/QBNF/qbf_transformer/mutants/qdimacs__Jordan-Kaiser__reduction-finding-full-set-params-k1c3n4__exquery_query30_1344n_universal_reduction_trigger.qdimacs,True,True,SAT,SAT,0.0053484165109694,0.005131479003466666,0.959438927941045,SAT,SAT,0.00487750000320375,0.0048431879840791225,0.9929652446740975,44.88024701660686,44.913627639155465,0.03338062254860574,51.16945827674664,51.19963784517881,0.03017956843217462
blocked_clause_insertion,/Users/mkhabour/Desktop/QBNF/qbf_transformer/benchmarks/qdimacs__Jordan-Kaiser__reduction-finding-full-set-params-k1c3n4__exquery_query30_1344n.qdimacs,/Users/mkhabour/Desktop/QBNF/qbf_transformer/mutants/qdimacs__Jordan-Kaiser__reduction-finding-full-set-params-k1c3n4__exquery_query30_1344n_blocked_clause_insertion.qdimacs,True,True,SAT,SAT,0.005237291450612247,0.005173478974029422,0.9878157484293976,SAT,SAT,0.0047649164334870875,0.004842999973334372,1.016387179279478,44.88024701660686,45.08887590753567,0.20862889092881431,51.16945827674664,51.39580503998793,0.22634676324128833
blocked_clause_insertion_neg,/Users/mkhabour/Desktop/QBNF/qbf_transformer/benchmarks/qdimacs__Jordan-Kaiser__reduction-finding-full-set-params-k1c3n4__exquery_query30_1344n.qdimacs,/Users/mkhabour/Desktop/QBNF/qbf_transformer/mutants/qdimacs__Jordan-Kaiser__reduction-finding-full-set-params-k1c3n4__exquery_query30_1344n_blocked_clause_insertion_neg.qdimacs,True,True,SAT,SAT,0.0052700829692184925,0.0052288955193944275,0.9921846676675429,SAT,SAT,0.004777687543537468,0.004816333006601781,1.0080887380583492,44.88024701660686,45.13060168572144,0.2503546691145786,51.16945827674664,51.410894824204014,0.24143654745737564
blocked_clause_insertion_v1,/Users/mkhabour/Desktop/QBNF/qbf_transformer/benchmarks/qdimacs__Jordan-Kaiser__reduction-finding-full-set-params-k1c3n4__exquery_query30_1344n.qdimacs,/Users/mkhabour/Desktop/QBNF/qbf_transformer/mutants/qdimacs__Jordan-Kaiser__reduction-finding-full-set-params-k1c3n4__exquery_query30_1344n_blocked_clause_insertion_v1.qdimacs,True,True,SAT,SAT,0.005274562514387071,0.005241332983132452,0.9937000403040098,SAT,SAT,0.004773687513079494,0.004808645986486226,1.0073231591533691,44.88024701660686,45.08887590753567,0.20862889092881431,51.16945827674664,51.39580503998793,0.22634676324128833
tautology_insertion,/Users/mkhabour/Desktop/QBNF/qbf_transformer/benchmarks/qdimacs__Jordan-Kaiser__reduction-finding-full-set-params-k1c3n4__exquery_query30_1344n_002.qdimacs,/Users/mkhabour/Desktop/QBNF/qbf_transformer/mutants/qdimacs__Jordan-Kaiser__reduction-finding-full-set-params-k1c3n4__exquery_query30_1344n_002_tautology_insertion.qdimacs,True,True,SAT,SAT,0.005384187970776111,0.005227249988820404,0.9708520611079102,SAT,SAT,0.004800833994522691,0.004878354491665959,1.016147297996913,44.88024701660686,44.913627639155465,0.03338062254860574,51.16945827674664,51.19963784517881,0.03017956843217462
universal_reduction_trigger,/Users/mkhabour/Desktop/QBNF/qbf_transformer/benchmarks/qdimacs__Jordan-Kaiser__reduction-finding-full-set-params-k1c3n4__exquery_query30_1344n_002.qdimacs,/Users/mkhabour/Desktop/QBNF/qbf_transformer/mutants/qdimacs__Jordan-Kaiser__reduction-finding-full-set-params-k1c3n4__exquery_query30_1344n_002_universal_reduction_trigger.qdimacs,True,True,SAT,SAT,0.005332333967089653,0.005241833569016308,0.9830279951271057,SAT,SAT,0.004773895489051938,0.004897021513897926,1.0257915208090238,44.88024701660686,44.913627639155465,0.03338062254860574,51.16945827674664,51.19963784517881,0.03017956843217462
blocked_clause_insertion,/Users/mkhabour/Desktop/QBNF/qbf_transformer/benchmarks/qdimacs__Jordan-Kaiser__reduction-finding-full-set-params-k1c3n4__exquery_query30_1344n_002.qdimacs,/Users/mkhabour/Desktop/QBNF/qbf_transformer/mutants/qdimacs__Jordan-Kaiser__reduction-finding-full-set-params-k1c3n4__exquery_query30_1344n_002_blocked_clause_insertion.qdimacs,True,True,SAT,SAT,0.005281604011543095,0.005207041511312127,0.9858826030751247,SAT,SAT,0.0048062289715744555,0.004841833550017327,1.0074080071202285,44.88024701660686,45.08887590753567,0.20862889092881431,51.16945827674664,51.39580503998793,0.22634676324128833
blocked_clause_insertion_neg,/Users/mkhabour/Desktop/QBNF/qbf_transformer/benchmarks/qdimacs__Jordan-Kaiser__reduction-finding-full-set-params-k1c3n4__exquery_query30_1344n_002.qdimacs,/Users/mkhabour/Desktop/QBNF/qbf_transformer/mutants/qdimacs__Jordan-Kaiser__reduction-finding-full-set-params-k1c3n4__exquery_query30_1344n_002_blocked_clause_insertion_neg.qdimacs,True,True,SAT,SAT,0.005289041553623974,0.005260083999019116,0.9945249901496771,SAT,SAT,0.004806979559361935,0.004931541974656284,1.0259128240002093,44.88024701660686,45.13060168572144,0.2503546691145786,51.16945827674664,51.410894824204014,0.24143654745737564
blocked_clause_insertion_v1,/Users/mkhabour/Desktop/QBNF/qbf_transformer/benchmarks/qdimacs__Jordan-Kaiser__reduction-finding-full-set-params-k1c3n4__exquery_query30_1344n_002.qdimacs,/Users/mkhabour/Desktop/QBNF/qbf_transformer/mutants/qdimacs__Jordan-Kaiser__reduction-finding-full-set-params-k1c3n4__exquery_query30_1344n_002_blocked_clause_insertion_v1.qdimacs,True,True,SAT,SAT,0.005479792016558349,0.0054305000230669975,0.991004769279125,SAT,SAT,0.005032708460930735,0.0050085834809578955,0.9952063625063674,44.88024701660686,45.08887590753567,0.20862889092881431,51.16945827674664,51.39580503998793,0.22634676324128833
tautology_insertion,/Users/mkhabour/Desktop/QBNF/qbf_transformer/benchmarks/qdimacs__Jordan-Kaiser__reduction-finding-full-set-params-k1c3n4__query02_query15_1344n.qdimacs,/Users/mkhabour/Desktop/QBNF/qbf_transformer/mutants/qdimacs__Jordan-Kaiser__reduction-finding-full-set-params-k1c3n4__query02_query15_1344n_tautology_insertion.qdimacs,True,True,SAT,SAT,0.005661145492922515,0.005625271005555987,0.9936630338486483,SAT,SAT,0.0047819994506426156,0.005280750046949834,1.1042975017992098,44.838521238421094,44.87190186096971,0.03338062254861285,51.13927870831447,51.16945827674664,0.030179568432167514
universal_reduction_trigger,/Users/mkhabour/Desktop/QBNF/qbf_transformer/benchmarks/qdimacs__Jordan-Kaiser__reduction-finding-full-set-params-k1c3n4__query02_query15_1344n.qdimacs,/Users/mkhabour/Desktop/QBNF/qbf_transformer/mutants/qdimacs__Jordan-Kaiser__reduction-finding-full-set-params-k1c3n4__query02_query15_1344n_universal_reduction_trigger.qdimacs,True,True,SAT,SAT,0.005803417006973177,0.005574625043664128,0.9605763357976618,SAT,SAT,0.004807229503057897,0.0047729790094308555,0.9928752114694639,44.838521238421094,44.87190186096971,0.03338062254861285,51.13927870831447,51.16945827674664,0.030179568432167514
blocked_clause_insertion,/Users/mkhabour/Desktop/QBNF/qbf_transformer/benchmarks/qdimacs__Jordan-Kaiser__reduction-finding-full-set-params-k1c3n4__query02_query15_1344n.qdimacs,/Users/mkhabour/Desktop/QBNF/qbf_transformer/mutants/qdimacs__Jordan-Kaiser__reduction-finding-full-set-params-k1c3n4__query02_query15_1344n_blocked_clause_insertion.qdimacs,True,True,SAT,SAT,0.005510333052370697,0.005535958509426564,1.004650437062936,SAT,SAT,0.004805228963959962,0.004737708542961627,0.9859485528151208,44.838521238421094,45.04715012934991,0.20862889092881431,51.13927870831447,51.36562547155575,0.22634676324128122
blocked_clause_insertion_neg,/Users/mkhabour/Desktop/QBNF/qbf_transformer/benchmarks/qdimacs__Jordan-Kaiser__reduction-finding-full-set-params-k1c3n4__query02_query15_1344n.qdimacs,/Users/mkhabour/Desktop/QBNF/qbf_transformer/mutants/qdimacs__Jordan-Kaiser__reduction-finding-full-set-params-k1c3n4__query02_query15_1344n_blocked_clause_insertion_neg.qdimacs,True,True,SAT,SAT,0.005682041519321501,0.005559124518185854,0.9783674581191154,SAT,SAT,0.004804625001270324,0.0048248955281451344,1.0042189612861463,44.838521238421094,45.04715012934991,0.20862889092881431,51.13927870831447,51.35053568733967,0.21125697902520102
blocked_clause_insertion_v1,/Users/mkhabour/Desktop/QBNF/qbf_transformer/benchmarks/qdimacs__Jordan-Kaiser__reduction-finding-full-set-params-k1c3n4__query02_query15_1344n.qdimacs,/Users/mkhabour/Desktop/QBNF/qbf_transformer/mutants/qdimacs__Jordan-Kaiser__reduction-finding-full-set-params-k1c3n4__query02_query15_1344n_blocked_clause_insertion_v1.qdimacs,True,True,SAT,SAT,0.005613541521597654,0.005619687493890524,1.001094847569796,SAT,SAT,0.004771478474140167,0.004797061963472515,1.0053617530648,44.838521238421094,45.04715012934991,0.20862889092881431,51.13927870831447,51.36562547155575,0.22634676324128122
tautology_insertion,/Users/mkhabour/Desktop/QBNF/qbf_transformer/benchmarks/qdimacs__Jordan-Kaiser__reduction-finding-full-set-params-k1c3n4__query04_query15_1344n.qdimacs,/Users/mkhabour/Desktop/QBNF/qbf_transformer/mutants/qdimacs__Jordan-Kaiser__reduction-finding-full-set-params-k1c3n4__query04_query15_1344n_tautology_insertion.qdimacs,True,True,SAT,SAT,0.005803833017125726,0.005791208997834474,0.9978248824089181,SAT,SAT,0.00479452102445066,0.004745978978462517,0.9898755171286991,44.88024701660686,44.913627639155465,0.03338062254860574,51.16945827674664,51.19963784517881,0.03017956843217462
universal_reduction_trigger,/Users/mkhabour/Desktop/QBNF/qbf_transformer/benchmarks/qdimacs__Jordan-Kaiser__reduction-finding-full-set-params-k1c3n4__query04_query15_1344n.qdimacs,/Users/mkhabour/Desktop/QBNF/qbf_transformer/mutants/qdimacs__Jordan-Kaiser__reduction-finding-full-set-params-k1c3n4__query04_query15_1344n_universal_reduction_trigger.qdimacs,True,True,SAT,SAT,0.005764375033322722,0.005675604508724064,0.9846001476160914,SAT,SAT,0.00478179199853912,0.004790375009179115,1.0017949360078016,44.88024701660686,44.913627639155465,0.03338062254860574,51.16945827674664,51.19963784517881,0.03017956843217462
blocked_clause_insertion,/Users/mkhabour/Desktop/QBNF/qbf_transformer/benchmarks/qdimacs__Jordan-Kaiser__reduction-finding-full-set-params-k1c3n4__query04_query15_1344n.qdimacs,/Users/mkhabour/Desktop/QBNF/qbf_transformer/mutants/qdimacs__Jordan-Kaiser__reduction-finding-full-set-params-k1c3n4__query04_query15_1344n_blocked_clause_insertion.qdimacs,True,True,SAT,SAT,0.005807479494251311,0.005669500038493425,0.9762410774081133,SAT,SAT,0.004740374977700412,0.004771479056216776,1.0065615228041418,44.88024701660686,45.08887590753567,0.20862889092881431,51.16945827674664,51.39580503998793,0.22634676324128833
blocked_clause_insertion_neg,/Users/mkhabour/Desktop/QBNF/qbf_transformer/benchmarks/qdimacs__Jordan-Kaiser__reduction-finding-full-set-params-k1c3n4__query04_query15_1344n.qdimacs,/Users/mkhabour/Desktop/QBNF/qbf_transformer/mutants/qdimacs__Jordan-Kaiser__reduction-finding-full-set-params-k1c3n4__query04_query15_1344n_blocked_clause_insertion_neg.qdimacs,True,True,SAT,SAT,0.005862249934580177,0.005697457992937416,0.9718893012952777,SAT,SAT,0.004729833046440035,0.004794458043761551,1.0136632724003138,44.88024701660686,45.06384044062422,0.18359342401736,51.16945827674664,51.35053568733967,0.1810774105930335
blocked_clause_insertion_v1,/Users/mkhabour/Desktop/QBNF/qbf_transformer/benchmarks/qdimacs__Jordan-Kaiser__reduction-finding-full-set-params-k1c3n4__query04_query15_1344n.qdimacs,/Users/mkhabour/Desktop/QBNF/qbf_transformer/mutants/qdimacs__Jordan-Kaiser__reduction-finding-full-set-params-k1c3n4__query04_query15_1344n_blocked_clause_insertion_v1.qdimacs,True,True,SAT,SAT,0.005794249475002289,0.00566543749300763,0.9777689962176495,SAT,SAT,0.004732270957902074,0.004794979526195675,1.0132512632627024,44.88024701660686,45.08887590753567,0.20862889092881431,51.16945827674664,51.39580503998793,0.22634676324128833
tautology_insertion,/Users/mkhabour/Desktop/QBNF/qbf_transformer/benchmarks/qdimacs__Jordan-Kaiser__reduction-finding-full-set-params-k1c3n4__query07_query30_1344n.qdimacs,/Users/mkhabour/Desktop/QBNF/qbf_transformer/mutants/qdimacs__Jordan-Kaiser__reduction-finding-full-set-params-k1c3n4__query07_query30_1344n_tautology_insertion.qdimacs,True,True,SAT,SAT,0.00861166650429368,0.008393771015107632,0.9746976396406656,SAT,SAT,0.0059244169970043,0.00518320850096643,0.8748892091132908,45.41433697738463,45.44771759993324,0.03338062254861285,51.59197223479705,51.62215180322921,0.03017956843216041
universal_reduction_trigger,/Users/mkhabour/Desktop/QBNF/qbf_transformer/benchmarks/qdimacs__Jordan-Kaiser__reduction-finding-full-set-params-k1c3n4__query07_query30_1344n.qdimacs,/Users/mkhabour/Desktop/QBNF/qbf_transformer/mutants/qdimacs__Jordan-Kaiser__reduction-finding-full-set-params-k1c3n4__query07_query30_1344n_universal_reduction_trigger.qdimacs,True,True,SAT,SAT,0.008489208470564336,0.008382458530832082,0.9874252187229939,SAT,SAT,0.005209250492043793,0.005123958457261324,0.9836268125495716,45.41433697738463,45.44771759993324,0.03338062254861285,51.59197223479705,51.62215180322921,0.03017956843216041
blocked_clause_insertion,/Users/mkhabour/Desktop/QBNF/qbf_transformer/benchmarks/qdimacs__Jordan-Kaiser__reduction-finding-full-set-params-k1c3n4__query07_query30_1344n.qdimacs,/Users/mkhabour/Desktop/QBNF/qbf_transformer/mutants/qdimacs__Jordan-Kaiser__reduction-finding-full-set-params-k1c3n4__query07_query30_1344n_blocked_clause_insertion.qdimacs,True,True,SAT,SAT,0.008540833019651473,0.008440812525805086,0.9882891406943267,SAT,SAT,0.005171396012883633,0.005212354531977326,1.0079202054902876,45.41433697738463,45.556204623216225,0.14186764583159572,51.59197223479705,51.78813942960616,0.1961671948091137
blocked_clause_insertion_neg,/Users/mkhabour/Desktop/QBNF/qbf_transformer/benchmarks/qdimacs__Jordan-Kaiser__reduction-finding-full-set-params-k1c3n4__query07_query30_1344n.qdimacs,/Users/mkhabour/Desktop/QBNF/qbf_transformer/mutants/qdimacs__Jordan-Kaiser__reduction-finding-full-set-params-k1c3n4__query07_query30_1344n_blocked_clause_insertion_neg.qdimacs,True,True,SAT,SAT,0.00838681252207607,0.00879752094624564,1.0489707410399944,SAT,SAT,0.005178250023163855,0.005154603975825012,0.9954335833084406,45.41433697738463,45.397646666110326,-0.01669031127430287,51.59197223479705,51.561792666364866,-0.030179568432181725
blocked_clause_insertion_v1,/Users/mkhabour/Desktop/QBNF/qbf_transformer/benchmarks/qdimacs__Jordan-Kaiser__reduction-finding-full-set-params-k1c3n4__query07_query30_1344n.qdimacs,/Users/mkhabour/Desktop/QBNF/qbf_transformer/mutants/qdimacs__Jordan-Kaiser__reduction-finding-full-set-params-k1c3n4__query07_query30_1344n_blocked_clause_insertion_v1.qdimacs,True,True,SAT,SAT,0.008498749986756593,0.008498083509039134,0.999921579324195,SAT,SAT,0.005114083527587354,0.005142333509866148,1.0055239579342814,45.41433697738463,45.556204623216225,0.14186764583159572,51.59197223479705,51.78813942960616,0.1961671948091137
tautology_insertion,/Users/mkhabour/Desktop/QBNF/qbf_transformer/benchmarks/qdimacs__Jordan-Kaiser__reduction-finding-full-set-params-k1c3n4__query11_query23_1344n.qdimacs,/Users/mkhabour/Desktop/QBNF/qbf_transformer/mutants/qdimacs__Jordan-Kaiser__reduction-finding-full-set-params-k1c3n4__query11_query23_1344n_tautology_insertion.qdimacs,True,True,SAT,SAT,0.0042175204725936055,0.004135458497330546,0.9805426017973555,SAT,SAT,0.004638728976715356,0.004670208028983325,1.0067861374152234,23.04931986981557,23.082700492364182,0.03338062254861285,27.418137920627732,27.44831748905991,0.030179568432178172
pure_literal_gen_auto,/Users/mkhabour/Desktop/QBNF/qbf_transformer/benchmarks/qdimacs__Jordan-Kaiser__reduction-finding-full-set-params-k1c3n4__query11_query23_1344n.qdimacs,/Users/mkhabour/Desktop/QBNF/qbf_transformer/mutants/qdimacs__Jordan-Kaiser__reduction-finding-full-set-params-k1c3n4__query11_query23_1344n_pure_literal_gen_auto.qdimacs,True,True,SAT,SAT,0.004264312447048724,0.004014666948933154,0.941457034113824,SAT,SAT,0.00491072895238176,0.004902250017039478,0.9982733855962118,23.04931986981557,23.04931986981557,0.0,27.418137920627732,27.418137920627732,0.0
pure_literal_gen_pos,/Users/mkhabour/Desktop/QBNF/qbf_transformer/benchmarks/qdimacs__Jordan-Kaiser__reduction-finding-full-set-params-k1c3n4__query11_query23_1344n.qdimacs,/Users/mkhabour/Desktop/QBNF/qbf_transformer/mutants/qdimacs__Jordan-Kaiser__reduction-finding-full-set-params-k1c3n4__query11_query23_1344n_pure_literal_gen_pos.qdimacs,True,True,SAT,SAT,0.004240646027028561,0.004033708421047777,0.9512013960463034,SAT,SAT,0.004663478990551084,0.004679208039306104,1.0033728143274343,23.04931986981557,23.04931986981557,0.0,27.418137920627732,27.418137920627732,0.0
universal_reduction_trigger,/Users/mkhabour/Desktop/QBNF/qbf_transformer/benchmarks/qdimacs__Jordan-Kaiser__reduction-finding-full-set-params-k1c3n4__query11_query23_1344n.qdimacs,/Users/mkhabour/Desktop/QBNF/qbf_transformer/mutants/qdimacs__Jordan-Kaiser__reduction-finding-full-set-params-k1c3n4__query11_query23_1344n_universal_reduction_trigger.qdimacs,True,True,SAT,SAT,0.004258333530742675,0.0041115000494755805,0.9655185578567196,SAT,SAT,0.004613291472196579,0.004716396040748805,1.0223494589868465,23.04931986981557,23.082700492364182,0.03338062254861285,27.418137920627732,27.44831748905991,0.030179568432178172
blocked_clause_insertion,/Users/mkhabour/Desktop/QBNF/qbf_transformer/benchmarks/qdimacs__Jordan-Kaiser__reduction-finding-full-set-params-k1c3n4__query11_query23_1344n.qdimacs,/Users/mkhabour/Desktop/QBNF/qbf_transformer/mutants/qdimacs__Jordan-Kaiser__reduction-finding-full-set-params-k1c3n4__query11_query23_1344n_blocked_clause_insertion.qdimacs,True,True,SAT,SAT,0.0041607500170357525,0.004147312487475574,0.9967704068965547,SAT,SAT,0.004684625018853694,0.004731395456474274,1.0099838167264932,23.04931986981557,23.04931986981557,0.0,27.418137920627732,27.418137920627732,0.0
blocked_clause_insertion_neg,/Users/mkhabour/Desktop/QBNF/qbf_transformer/benchmarks/qdimacs__Jordan-Kaiser__reduction-finding-full-set-params-k1c3n4__query11_query23_1344n.qdimacs,/Users/mkhabour/Desktop/QBNF/qbf_transformer/mutants/qdimacs__Jordan-Kaiser__reduction-finding-full-set-params-k1c3n4__query11_query23_1344n_blocked_clause_insertion_neg.qdimacs,True,True,SAT,SAT,0.0044019584893248975,0.004356167046353221,0.9895974841464942,SAT,SAT,0.004887354501988739,0.004710249952040613,0.963762696183373,23.04931986981557,23.04931986981557,0.0,27.418137920627732,27.418137920627732,0.0
blocked_clause_insertion_v1,/Users/mkhabour/Desktop/QBNF/qbf_transformer/benchmarks/qdimacs__Jordan-Kaiser__reduction-finding-full-set-params-k1c3n4__query11_query23_1344n.qdimacs,/Users/mkhabour/Desktop/QBNF/qbf_transformer/mutants/qdimacs__Jordan-Kaiser__reduction-finding-full-set-params-k1c3n4__query11_query23_1344n_blocked_clause_insertion_v1.qdimacs,True,True,SAT,SAT,0.004249937541317195,0.004177562426775694,0.9829703110133075,SAT,SAT,0.004796167020685971,0.004766312544234097,0.9937753467877347,23.04931986981557,23.04931986981557,0.0,27.418137920627732,27.418137920627732,0.0
tautology_insertion,/Users/mkhabour/Desktop/QBNF/qbf_transformer/benchmarks/qdimacs__Jordan-Kaiser__reduction-finding-full-set-params-k1c3n4__query21_query24_1344n.qdimacs,/Users/mkhabour/Desktop/QBNF/qbf_transformer/mutants/qdimacs__Jordan-Kaiser__reduction-finding-full-set-params-k1c3n4__query21_query24_1344n_tautology_insertion.qdimacs,True,True,SAT,SAT,0.004273333004675806,0.004284916503820568,1.0027106474342364,SAT,SAT,0.004786750476341695,0.004739791562315077,0.9901898136828501,23.04931986981557,23.082700492364182,0.03338062254861285,27.418137920627732,27.44831748905991,0.030179568432178172
pure_literal_gen_auto,/Users/mkhabour/Desktop/QBNF/qbf_transformer/benchmarks/qdimacs__Jordan-Kaiser__reduction-finding-full-set-params-k1c3n4__query21_query24_1344n.qdimacs,/Users/mkhabour/Desktop/QBNF/qbf_transformer/mutants/qdimacs__Jordan-Kaiser__reduction-finding-full-set-params-k1c3n4__query21_query24_1344n_pure_literal_gen_auto.qdimacs,True,True,SAT,SAT,0.00431214552372694,0.004173333523795009,0.9678090641495889,SAT,SAT,0.00473189604235813,0.005788979004137218,1.2233952209254988,23.04931986981557,23.174497204372862,0.12517733455729285,27.418137920627732,27.523766410140333,0.10562848951260051
pure_literal_gen_neg,/Users/mkhabour/Desktop/QBNF/qbf_transformer/benchmarks/qdimacs__Jordan-Kaiser__reduction-finding-full-set-params-k1c3n4__query21_query24_1344n.qdimacs,/Users/mkhabour/Desktop/QBNF/qbf_transformer/mutants/qdimacs__Jordan-Kaiser__reduction-finding-full-set-params-k1c3n4__query21_query24_1344n_pure_literal_gen_neg.qdimacs,True,True,SAT,SAT,0.004315978963859379,0.004206729005090892,0.9746870965583218,SAT,SAT,0.004757103975862265,0.005745395552366972,1.2077506780426366,23.04931986981557,23.174497204372862,0.12517733455729285,27.418137920627732,27.523766410140333,0.10562848951260051
universal_reduction_trigger,/Users/mkhabour/Desktop/QBNF/qbf_transformer/benchmarks/qdimacs__Jordan-Kaiser__reduction-finding-full-set-params-k1c3n4__query21_query24_1344n.qdimacs,/Users/mkhabour/Desktop/QBNF/qbf_transformer/mutants/qdimacs__Jordan-Kaiser__reduction-finding-full-set-params-k1c3n4__query21_query24_1344n_universal_reduction_trigger.qdimacs,True,True,SAT,SAT,0.004289604548830539,0.0042543960735201836,0.9917921395994523,SAT,SAT,0.004748145991470665,0.00480447948211804,1.0118643130915879,23.04931986981557,23.082700492364182,0.03338062254861285,27.418137920627732,27.44831748905991,0.030179568432178172
blocked_clause_insertion,/Users/mkhabour/Desktop/QBNF/qbf_transformer/benchmarks/qdimacs__Jordan-Kaiser__reduction-finding-full-set-params-k1c3n4__query21_query24_1344n.qdimacs,/Users/mkhabour/Desktop/QBNF/qbf_transformer/mutants/qdimacs__Jordan-Kaiser__reduction-finding-full-set-params-k1c3n4__query21_query24_1344n_blocked_clause_insertion.qdimacs,True,True,SAT,SAT,0.004344790999311954,0.0042026875307783484,0.9672933707153902,SAT,SAT,0.00475162552902475,0.004781957948580384,1.0063835879680232,23.04931986981557,23.04931986981557,0.0,27.418137920627732,27.418137920627732,0.0
blocked_clause_insertion_neg,/Users/mkhabour/Desktop/QBNF/qbf_transformer/benchmarks/qdimacs__Jordan-Kaiser__reduction-finding-full-set-params-k1c3n4__query21_query24_1344n.qdimacs,/Users/mkhabour/Desktop/QBNF/qbf_transformer/mutants/qdimacs__Jordan-Kaiser__reduction-finding-full-set-params-k1c3n4__query21_query24_1344n_blocked_clause_insertion_neg.qdimacs,True,True,SAT,SAT,0.004288562515284866,0.00421795854344964,0.9835366812111084,SAT,SAT,0.004747187485918403,0.004787917074281722,1.0085797303106598,23.04931986981557,23.04931986981557,0.0,27.418137920627732,27.418137920627732,0.0
blocked_clause_insertion_v1,/Users/mkhabour/Desktop/QBNF/qbf_transformer/benchmarks/qdimacs__Jordan-Kaiser__reduction-finding-full-set-params-k1c3n4__query21_query24_1344n.qdimacs,/Users/mkhabour/Desktop/QBNF/qbf_transformer/mutants/qdimacs__Jordan-Kaiser__reduction-finding-full-set-params-k1c3n4__query21_query24_1344n_blocked_clause_insertion_v1.qdimacs,True,True,SAT,SAT,0.004373187490273267,0.004212416533846408,0.963237122399979,SAT,SAT,0.004677124496083707,0.004729916981887072,1.0112873809212413,23.04931986981557,23.04931986981557,0.0,27.418137920627732,27.418137920627732,0.0
tautology_insertion,/Users/mkhabour/Desktop/QBNF/qbf_transformer/benchmarks/qdimacs__Jordan-Kaiser__reduction-finding-full-set-params-k1c3n4__query27_query23_1344n.qdimacs,/Users/mkhabour/Desktop/QBNF/qbf_transformer/mutants/qdimacs__Jordan-Kaiser__reduction-finding-full-set-params-k1c3n4__query27_query23_1344n_tautology_insertion.qdimacs,True,True,SAT,SAT,0.004241541493684053,0.0042194584384560585,0.9947936250863328,SAT,SAT,0.004735728958621621,0.004718395532108843,0.9963398609455422,23.04931986981557,23.082700492364182,0.03338062254861285,27.418137920627732,27.44831748905991,0.030179568432178172
pure_literal_gen_auto,/Users/mkhabour/Desktop/QBNF/qbf_transformer/benchmarks/qdimacs__Jordan-Kaiser__reduction-finding-full-set-params-k1c3n4__query27_query23_1344n.qdimacs,/Users/mkhabour/Desktop/QBNF/qbf_transformer/mutants/qdimacs__Jordan-Kaiser__reduction-finding-full-set-params-k1c3n4__query27_query23_1344n_pure_literal_gen_auto.qdimacs,True,True,SAT,SAT,0.004299229534808546,0.004074271011631936,0.9476746888354664,SAT,SAT,0.004766270983964205,0.006897604034747928,1.4471699275921257,23.04931986981557,22.732203955603772,-0.3171159142117972,27.418137920627732,27.025803531009508,-0.39233438961822387
pure_literal_gen_pos,/Users/mkhabour/Desktop/QBNF/qbf_transformer/benchmarks/qdimacs__Jordan-Kaiser__reduction-finding-full-set-params-k1c3n4__query27_query23_1344n.qdimacs,/Users/mkhabour/Desktop/QBNF/qbf_transformer/mutants/qdimacs__Jordan-Kaiser__reduction-finding-full-set-params-k1c3n4__query27_query23_1344n_pure_literal_gen_pos.qdimacs,True,True,SAT,SAT,0.004274104547221214,0.004051729047205299,0.9479714411383571,SAT,SAT,0.004772666550707072,0.006750583008397371,1.4144258637547744,23.04931986981557,22.732203955603772,-0.3171159142117972,27.418137920627732,27.025803531009508,-0.39233438961822387
universal_reduction_trigger,/Users/mkhabour/Desktop/QBNF/qbf_transformer/benchmarks/qdimacs__Jordan-Kaiser__reduction-finding-full-set-params-k1c3n4__query27_query23_1344n.qdimacs,/Users/mkhabour/Desktop/QBNF/qbf_transformer/mutants/qdimacs__Jordan-Kaiser__reduction-finding-full-set-params-k1c3n4__query27_query23_1344n_universal_reduction_trigger.qdimacs,True,True,SAT,SAT,0.004265749943442643,0.004071645496878773,0.9544969936969115,SAT,SAT,0.004623354005161673,0.004737666517030448,1.0247250181883438,23.04931986981557,23.082700492364182,0.03338062254861285,27.418137920627732,27.44831748905991,0.030179568432178172
blocked_clause_insertion,/Users/mkhabour/Desktop/QBNF/qbf_transformer/benchmarks/qdimacs__Jordan-Kaiser__reduction-finding-full-set-params-k1c3n4__query27_query23_1344n.qdimacs,/Users/mkhabour/Desktop/QBNF/qbf_transformer/mutants/qdimacs__Jordan-Kaiser__reduction-finding-full-set-params-k1c3n4__query27_query23_1344n_blocked_clause_insertion.qdimacs,True,True,SAT,SAT,0.004302063025534153,0.004137813055422157,0.9618206499679064,SAT,SAT,0.004796479013748467,0.004736707953270525,0.9875385547801593,23.04931986981557,23.04931986981557,0.0,27.418137920627732,27.418137920627732,0.0
blocked_clause_insertion_neg,/Users/mkhabour/Desktop/QBNF/qbf_transformer/benchmarks/qdimacs__Jordan-Kaiser__reduction-finding-full-set-params-k1c3n4__query27_query23_1344n.qdimacs,/Users/mkhabour/Desktop/QBNF/qbf_transformer/mutants/qdimacs__Jordan-Kaiser__reduction-finding-full-set-params-k1c3n4__query27_query23_1344n_blocked_clause_insertion_neg.qdimacs,True,True,SAT,SAT,0.004189750470686704,0.004191583546344191,1.000437514279266,SAT,SAT,0.004693854018114507,0.004712583497166634,1.003990213368342,23.04931986981557,23.04931986981557,0.0,27.418137920627732,27.418137920627732,0.0
blocked_clause_insertion_v1,/Users/mkhabour/Desktop/QBNF/qbf_transformer/benchmarks/qdimacs__Jordan-Kaiser__reduction-finding-full-set-params-k1c3n4__query27_query23_1344n.qdimacs,/Users/mkhabour/Desktop/QBNF/qbf_transformer/mutants/qdimacs__Jordan-Kaiser__reduction-finding-full-set-params-k1c3n4__query27_query23_1344n_blocked_clause_insertion_v1.qdimacs,True,True,SAT,SAT,0.004098250006791204,0.004160979005973786,1.0153062890449909,SAT,SAT,0.004704000020865351,0.0046943959896452725,0.997958326705468,23.04931986981557,23.04931986981557,0.0,27.418137920627732,27.418137920627732,0.0
tautology_insertion,/Users/mkhabour/Desktop/QBNF/qbf_transformer/benchmarks/qdimacs__Jordan-Kaiser__reduction-finding-full-set-params-k1c3n4__query45_query23_1344.qdimacs,/Users/mkhabour/Desktop/QBNF/qbf_transformer/mutants/qdimacs__Jordan-Kaiser__reduction-finding-full-set-params-k1c3n4__query45_query23_1344_tautology_insertion.qdimacs,True,True,UNSAT,UNSAT,0.0043029579683206975,0.004223875002935529,0.981621255432334,UNSAT,UNSAT,0.004728853993583471,0.004777686961460859,1.0103265966645723,33.18033881331887,33.213719435867475,0.03338062254860574,39.23343896182285,39.263618530255016,0.030179568432167514
universal_reduction_trigger,/Users/mkhabour/Desktop/QBNF/qbf_transformer/benchmarks/qdimacs__Jordan-Kaiser__reduction-finding-full-set-params-k1c3n4__query45_query23_1344.qdimacs,/Users/mkhabour/Desktop/QBNF/qbf_transformer/mutants/qdimacs__Jordan-Kaiser__reduction-finding-full-set-params-k1c3n4__query45_query23_1344_universal_reduction_trigger.qdimacs,True,True,UNSAT,UNSAT,0.004285687522497028,0.004237541521433741,0.9887658629308477,UNSAT,UNSAT,0.004772291984409094,0.004815853957552463,1.0091281030761916,33.18033881331887,33.213719435867475,0.03338062254860574,39.23343896182285,39.263618530255016,0.030179568432167514
blocked_clause_insertion,/Users/mkhabour/Desktop/QBNF/qbf_transformer/benchmarks/qdimacs__Jordan-Kaiser__reduction-finding-full-set-params-k1c3n4__query45_query23_1344.qdimacs,/Users/mkhabour/Desktop/QBNF/qbf_transformer/mutants/qdimacs__Jordan-Kaiser__reduction-finding-full-set-params-k1c3n4__query45_query23_1344_blocked_clause_insertion.qdimacs,True,True,UNSAT,UNSAT,0.00432870804797858,0.004296353959944099,0.9925256941156867,UNSAT,UNSAT,0.004792458028532565,0.004826708463951945,1.0071467366465112,33.18033881331887,33.18033881331887,0.0,39.23343896182285,39.23343896182285,0.0
blocked_clause_insertion_neg,/Users/mkhabour/Desktop/QBNF/qbf_transformer/benchmarks/qdimacs__Jordan-Kaiser__reduction-finding-full-set-params-k1c3n4__query45_query23_1344.qdimacs,/Users/mkhabour/Desktop/QBNF/qbf_transformer/mutants/qdimacs__Jordan-Kaiser__reduction-finding-full-set-params-k1c3n4__query45_query23_1344_blocked_clause_insertion_neg.qdimacs,True,True,UNSAT,UNSAT,0.004294041485991329,0.004194812441710383,0.9768914565439887,UNSAT,UNSAT,0.004750146064907312,0.004885417001787573,1.0284772162859586,33.18033881331887,33.88133188683969,0.7009930735208201,39.23343896182285,40.28972385694885,1.056284895125998
blocked_clause_insertion_v1,/Users/mkhabour/Desktop/QBNF/qbf_transformer/benchmarks/qdimacs__Jordan-Kaiser__reduction-finding-full-set-params-k1c3n4__query45_query23_1344.qdimacs,/Users/mkhabour/Desktop/QBNF/qbf_transformer/mutants/qdimacs__Jordan-Kaiser__reduction-finding-full-set-params-k1c3n4__query45_query23_1344_blocked_clause_insertion_v1.qdimacs,True,True,UNSAT,UNSAT,0.004324604524299502,0.0042724585509859025,0.9879420249827245,UNSAT,UNSAT,0.004747645987663418,0.004815438005607575,1.0142790802263506,33.18033881331887,33.18033881331887,0.0,39.23343896182285,39.23343896182285,0.0
tautology_insertion,/Users/mkhabour/Desktop/QBNF/qbf_transformer/benchmarks/qdimacs__Jordan-Kaiser__reduction-finding-full-set-params-k1c3n4__query45_query24_1344.qdimacs,/Users/mkhabour/Desktop/QBNF/qbf_transformer/mutants/qdimacs__Jordan-Kaiser__reduction-finding-full-set-params-k1c3n4__query45_query24_1344_tautology_insertion.qdimacs,True,True,UNSAT,UNSAT,0.004310582939069718,0.00417577096959576,0.9687253507519676,UNSAT,UNSAT,0.004684521001763642,0.0047278329730033875,1.0092457630616747,32.879913210381375,32.91329383292999,0.03338062254861285,38.690206730043755,38.72038629847594,0.030179568432181725
universal_reduction_trigger,/Users/mkhabour/Desktop/QBNF/qbf_transformer/benchmarks/qdimacs__Jordan-Kaiser__reduction-finding-full-set-params-k1c3n4__query45_query24_1344.qdimacs,/Users/mkhabour/Desktop/QBNF/qbf_transformer/mutants/qdimacs__Jordan-Kaiser__reduction-finding-full-set-params-k1c3n4__query45_query24_1344_universal_reduction_trigger.qdimacs,True,True,UNSAT,UNSAT,0.0043594580492936075,0.00434164545731619,0.9959140352364891,UNSAT,UNSAT,0.004729437467176467,0.004720354510936886,0.9980794848641896,32.879913210381375,32.91329383292999,0.03338062254861285,38.690206730043755,38.72038629847594,0.030179568432181725
blocked_clause_insertion,/Users/mkhabour/Desktop/QBNF/qbf_transformer/benchmarks/qdimacs__Jordan-Kaiser__reduction-finding-full-set-params-k1c3n4__query45_query24_1344.qdimacs,/Users/mkhabour/Desktop/QBNF/qbf_transformer/mutants/qdimacs__Jordan-Kaiser__reduction-finding-full-set-params-k1c3n4__query45_query24_1344_blocked_clause_insertion.qdimacs,True,True,UNSAT,UNSAT,0.004475604509934783,0.004272625024896115,0.9546475823348328,UNSAT,UNSAT,0.004702770966105163,0.004777791502419859,1.0159524112178544,32.879913210381375,32.85487774346992,-0.025035466911454307,38.690206730043755,38.66002716161159,-0.030179568432167514
blocked_clause_insertion_neg,/Users/mkhabour/Desktop/QBNF/qbf_transformer/benchmarks/qdimacs__Jordan-Kaiser__reduction-finding-full-set-params-k1c3n4__query45_query24_1344.qdimacs,/Users/mkhabour/Desktop/QBNF/qbf_transformer/mutants/qdimacs__Jordan-Kaiser__reduction-finding-full-set-params-k1c3n4__query45_query24_1344_blocked_clause_insertion_neg.qdimacs,True,True,UNSAT,UNSAT,0.004618771024979651,0.004492978972848505,0.9727650382643291,UNSAT,UNSAT,0.0050674169906415045,0.0050070834695361555,0.9880938313904751,32.879913210381375,33.580906283902195,0.7009930735208201,38.690206730043755,39.74649162516976,1.056284895126005
blocked_clause_insertion_v1,/Users/mkhabour/Desktop/QBNF/qbf_transformer/benchmarks/qdimacs__Jordan-Kaiser__reduction-finding-full-set-params-k1c3n4__query45_query24_1344.qdimacs,/Users/mkhabour/Desktop/QBNF/qbf_transformer/mutants/qdimacs__Jordan-Kaiser__reduction-finding-full-set-params-k1c3n4__query45_query24_1344_blocked_clause_insertion_v1.qdimacs,True,True,UNSAT,UNSAT,0.004501437477301806,0.004410729045048356,0.9798490076312641,UNSAT,UNSAT,0.004776791553013027,0.004797103989403695,1.0042523179345886,32.879913210381375,32.92998414420429,0.05007093382291572,38.690206730043755,38.73547608269202,0.04526935264826193
tautology_insertion,/Users/mkhabour/Desktop/QBNF/qbf_transformer/benchmarks/qdimacs__Jordan-Kaiser__reduction-finding-full-set-params-k1c3n4__query50_query15_1344.qdimacs,/Users/mkhabour/Desktop/QBNF/qbf_transformer/mutants/qdimacs__Jordan-Kaiser__reduction-finding-full-set-params-k1c3n4__query50_query15_1344_tautology_insertion.qdimacs,True,True,UNSAT,UNSAT,0.014158207981381565,0.014192770526278764,1.0024411666322919,UNSAT,UNSAT,0.005130167002789676,0.005096833512652665,0.9935024551600592,44.24601518818326,44.27939581073187,0.03338062254861285,49.781198128866755,49.81137769729893,0.03017956843217462
universal_reduction_trigger,/Users/mkhabour/Desktop/QBNF/qbf_transformer/benchmarks/qdimacs__Jordan-Kaiser__reduction-finding-full-set-params-k1c3n4__query50_query15_1344.qdimacs,/Users/mkhabour/Desktop/QBNF/qbf_transformer/mutants/qdimacs__Jordan-Kaiser__reduction-finding-full-set-params-k1c3n4__query50_query15_1344_universal_reduction_trigger.qdimacs,True,True,UNSAT,UNSAT,0.01404385402565822,0.01413891650736332,1.0067689739249226,UNSAT,UNSAT,0.005029041552916169,0.0050687085022218525,1.0078875763678432,44.24601518818326,44.27939581073187,0.03338062254861285,49.781198128866755,49.81137769729893,0.03017956843217462
blocked_clause_insertion,/Users/mkhabour/Desktop/QBNF/qbf_transformer/benchmarks/qdimacs__Jordan-Kaiser__reduction-finding-full-set-params-k1c3n4__query50_query15_1344.qdimacs,/Users/mkhabour/Desktop/QBNF/qbf_transformer/mutants/qdimacs__Jordan-Kaiser__reduction-finding-full-set-params-k1c3n4__query50_query15_1344_blocked_clause_insertion.qdimacs,True,True,UNSAT,UNSAT,0.014322145958431065,0.013847812486346811,0.9668811172947845,UNSAT,UNSAT,0.0051011250470764935,0.005069853970780969,0.9938697687261271,44.24601518818326,44.24601518818326,0.0,49.781198128866755,49.81137769729893,0.03017956843217462
blocked_clause_insertion_neg,/Users/mkhabour/Desktop/QBNF/qbf_transformer/benchmarks/qdimacs__Jordan-Kaiser__reduction-finding-full-set-params-k1c3n4__query50_query15_1344.qdimacs,/Users/mkhabour/Desktop/QBNF/qbf_transformer/mutants/qdimacs__Jordan-Kaiser__reduction-finding-full-set-params-k1c3n4__query50_query15_1344_blocked_clause_insertion_neg.qdimacs,True,True,UNSAT,UNSAT,0.014115228957962245,0.016108354495372623,1.141203911275281,UNSAT,UNSAT,0.005124062416143715,0.005101396003738046,0.9955764761306853,44.24601518818326,45.14729199699574,0.901276808812483,49.781198128866755,51.048740003017954,1.267541874151199
blocked_clause_insertion_v1,/Users/mkhabour/Desktop/QBNF/qbf_transformer/benchmarks/qdimacs__Jordan-Kaiser__reduction-finding-full-set-params-k1c3n4__query50_query15_1344.qdimacs,/Users/mkhabour/Desktop/QBNF/qbf_transformer/mutants/qdimacs__Jordan-Kaiser__reduction-finding-full-set-params-k1c3n4__query50_query15_1344_blocked_clause_insertion_v1.qdimacs,True,True,UNSAT,UNSAT,0.014067437499761581,0.013681708020158112,0.9725799755918584,UNSAT,UNSAT,0.005075624445453286,0.005045187543146312,0.9940033186785049,44.24601518818326,44.17090878744889,-0.07510640073437003,49.781198128866755,49.766108344650675,-0.015089784216080204
tautology_insertion,/Users/mkhabour/Desktop/QBNF/qbf_transformer/benchmarks/qdimacs__Jordan-Kaiser__reduction-finding-full-set-params-k1c3n4__query50_query15_1344_007.qdimacs,/Users/mkhabour/Desktop/QBNF/qbf_transformer/mutants/qdimacs__Jordan-Kaiser__reduction-finding-full-set-params-k1c3n4__query50_query15_1344_007_tautology_insertion.qdimacs,True,True,UNSAT,UNSAT,0.014173562522046268,0.01412252098089084,0.9963988206157742,UNSAT,UNSAT,0.005015186965465546,0.005060457973740995,1.009026783764431,44.24601518818326,44.27939581073187,0.03338062254861285,49.781198128866755,49.81137769729893,0.03017956843217462
universal_reduction_trigger,/Users/mkhabour/Desktop/QBNF/qbf_transformer/benchmarks/qdimacs__Jordan-Kaiser__reduction-finding-full-set-params-k1c3n4__query50_query15_1344_007.qdimacs,/Users/mkhabour/Desktop/QBNF/qbf_transformer/mutants/qdimacs__Jordan-Kaiser__reduction-finding-full-set-params-k1c3n4__query50_query15_1344_007_universal_reduction_trigger.qdimacs,True,True,UNSAT,UNSAT,0.014348416996654123,0.01418058347189799,0.9883029936476427,UNSAT,UNSAT,0.005081187991891056,0.005134104460012168,1.0104141921545826,44.24601518818326,44.27939581073187,0.03338062254861285,49.781198128866755,49.81137769729893,0.03017956843217462
blocked_clause_insertion,/Users/mkhabour/Desktop/QBNF/qbf_transformer/benchmarks/qdimacs__Jordan-Kaiser__reduction-finding-full-set-params-k1c3n4__query50_query15_1344_007.qdimacs,/Users/mkhabour/Desktop/QBNF/qbf_transformer/mutants/qdimacs__Jordan-Kaiser__reduction-finding-full-set-params-k1c3n4__query50_query15_1344_007_blocked_clause_insertion.qdimacs,True,True,UNSAT,UNSAT,0.014282207994256169,0.014042833528947085,0.9832396737671548,UNSAT,UNSAT,0.005253083538264036,0.005179229483474046,0.9859408185207738,44.24601518818326,44.24601518818326,0.0,49.781198128866755,49.81137769729893,0.03017956843217462
blocked_clause_insertion_neg,/Users/mkhabour/Desktop/QBNF/qbf_transformer/benchmarks/qdimacs__Jordan-Kaiser__reduction-finding-full-set-params-k1c3n4__query50_query15_1344_007.qdimacs,/Users/mkhabour/Desktop/QBNF/qbf_transformer/mutants/qdimacs__Jordan-Kaiser__reduction-finding-full-set-params-k1c3n4__query50_query15_1344_007_blocked_clause_insertion_neg.qdimacs,True,True,UNSAT,UNSAT,0.01406297949142754,0.015972979017533362,1.1358175575289797,UNSAT,UNSAT,0.005038896051701158,0.005001937446650118,0.9926653368770004,44.24601518818326,45.14729199699574,0.901276808812483,49.781198128866755,51.048740003017954,1.267541874151199
blocked_clause_insertion_v1,/Users/mkhabour/Desktop/QBNF/qbf_transformer/benchmarks/qdimacs__Jordan-Kaiser__reduction-finding-full-set-params-k1c3n4__query50_query15_1344_007.qdimacs,/Users/mkhabour/Desktop/QBNF/qbf_transformer/mutants/qdimacs__Jordan-Kaiser__reduction-finding-full-set-params-k1c3n4__query50_query15_1344_007_blocked_clause_insertion_v1.qdimacs,True,True,UNSAT,UNSAT,0.014040291425772011,0.013535791949834675,0.9640677347329636,UNSAT,UNSAT,0.0050411460106261075,0.005101021029986441,1.0118772634702753,44.24601518818326,44.17090878744889,-0.07510640073437003,49.781198128866755,49.766108344650675,-0.015089784216080204
tautology_insertion,/Users/mkhabour/Desktop/QBNF/qbf_transformer/benchmarks/qdimacs__Jordan-Kaiser__reduction-finding-full-set-params-k1c3n4__query50_query23_1344n.qdimacs,/Users/mkhabour/Desktop/QBNF/qbf_transformer/mutants/qdimacs__Jordan-Kaiser__reduction-finding-full-set-params-k1c3n4__query50_query23_1344n_tautology_insertion.qdimacs,True,True,SAT,SAT,0.004202854470349848,0.004122771031688899,0.9809454647487988,SAT,SAT,0.004669208021368831,0.0047431665007025,1.015839619694645,23.04931986981557,23.082700492364182,0.03338062254861285,27.418137920627732,27.44831748905991,0.030179568432178172
pure_literal_gen_auto,/Users/mkhabour/Desktop/QBNF/qbf_transformer/benchmarks/qdimacs__Jordan-Kaiser__reduction-finding-full-set-params-k1c3n4__query50_query23_1344n.qdimacs,/Users/mkhabour/Desktop/QBNF/qbf_transformer/mutants/qdimacs__Jordan-Kaiser__reduction-finding-full-set-params-k1c3n4__query50_query23_1344n_pure_literal_gen_auto.qdimacs,True,True,SAT,SAT,0.004239312431309372,0.004023312474600971,0.9490483515408921,SAT,SAT,0.004625416942872107,0.008321353991050273,1.7990494897705829,23.04931986981557,22.732203955603772,-0.3171159142117972,27.418137920627732,27.025803531009508,-0.39233438961822387
pure_literal_gen_neg,/Users/mkhabour/Desktop/QBNF/qbf_transformer/benchmarks/qdimacs__Jordan-Kaiser__reduction-finding-full-set-params-k1c3n4__query50_query23_1344n.qdimacs,/Users/mkhabour/Desktop/QBNF/qbf_transformer/mutants/qdimacs__Jordan-Kaiser__reduction-finding-full-set-params-k1c3n4__query50_query23_1344n_pure_literal_gen_neg.qdimacs,True,True,SAT,SAT,0.004189291561488062,0.004071771050803363,0.9719474023328768,SAT,SAT,0.004705271450802684,0.008283208007924259,1.7604102323387114,23.04931986981557,22.732203955603772,-0.3171159142117972,27.418137920627732,27.025803531009508,-0.39233438961822387
universal_reduction_trigger,/Users/mkhabour/Desktop/QBNF/qbf_transformer/benchmarks/qdimacs__Jordan-Kaiser__reduction-finding-full-set-params-k1c3n4__query50_query23_1344n.qdimacs,/Users/mkhabour/Desktop/QBNF/qbf_transformer/mutants/qdimacs__Jordan-Kaiser__reduction-finding-full-set-params-k1c3n4__query50_query23_1344n_universal_reduction_trigger.qdimacs,True,True,SAT,SAT,0.004223041993100196,0.004068708047270775,0.9634543189289665,SAT,SAT,0.004625042027328163,0.004706145962700248,1.0175358266785173,23.04931986981557,23.082700492364182,0.03338062254861285,27.418137920627732,27.44831748905991,0.030179568432178172
blocked_clause_insertion,/Users/mkhabour/Desktop/QBNF/qbf_transformer/benchmarks/qdimacs__Jordan-Kaiser__reduction-finding-full-set-params-k1c3n4__query50_query23_1344n.qdimacs,/Users/mkhabour/Desktop/QBNF/qbf_transformer/mutants/qdimacs__Jordan-Kaiser__reduction-finding-full-set-params-k1c3n4__query50_query23_1344n_blocked_clause_insertion.qdimacs,True,True,SAT,SAT,0.004290041979402304,0.004143854486756027,0.9659239948354436,SAT,SAT,0.004650562535971403,0.004670208494644612,1.0042244262970879,23.04931986981557,23.04931986981557,0.0,27.418137920627732,27.418137920627732,0.0
blocked_clause_insertion_neg,/Users/mkhabour/Desktop/QBNF/qbf_transformer/benchmarks/qdimacs__Jordan-Kaiser__reduction-finding-full-set-params-k1c3n4__query50_query23_1344n.qdimacs,/Users/mkhabour/Desktop/QBNF/qbf_transformer/mutants/qdimacs__Jordan-Kaiser__reduction-finding-full-set-params-k1c3n4__query50_query23_1344n_blocked_clause_insertion_neg.qdimacs,True,True,SAT,SAT,0.004214854503516108,0.0040322914137504995,0.9566857907874848,SAT,SAT,0.004656208504457027,0.004654333519283682,0.9995973150318441,23.04931986981557,23.04931986981557,0.0,27.418137920627732,27.418137920627732,0.0
blocked_clause_insertion_v1,/Users/mkhabour/Desktop/QBNF/qbf_transformer/benchmarks/qdimacs__Jordan-Kaiser__reduction-finding-full-set-params-k1c3n4__query50_query23_1344n.qdimacs,/Users/mkhabour/Desktop/QBNF/qbf_transformer/mutants/qdimacs__Jordan-Kaiser__reduction-finding-full-set-params-k1c3n4__query50_query23_1344n_blocked_clause_insertion_v1.qdimacs,True,True,SAT,SAT,0.004351875511929393,0.004193666507489979,0.9636457881192305,SAT,SAT,0.004683896026108414,0.004886103968601674,1.0431708862378961,23.04931986981557,23.04931986981557,0.0,27.418137920627732,27.418137920627732,0.0
tautology_insertion,/Users/mkhabour/Desktop/QBNF/qbf_transformer/benchmarks/qdimacs__Jordan-Kaiser__reduction-finding-full-set-params-k1c3n4__query51_query15_1344n.qdimacs,/Users/mkhabour/Desktop/QBNF/qbf_transformer/mutants/qdimacs__Jordan-Kaiser__reduction-finding-full-set-params-k1c3n4__query51_query15_1344n_tautology_insertion.qdimacs,True,True,SAT,SAT,0.006072833493817598,0.005739291489589959,0.9450763791618528,SAT,SAT,0.004899416526313871,0.00502095848787576,1.0248074359281578,44.87190186096971,44.90528248351831,0.03338062254860574,51.15436849253056,51.18454806096273,0.03017956843217462
universal_reduction_trigger,/Users/mkhabour/Desktop/QBNF/qbf_transformer/benchmarks/qdimacs__Jordan-Kaiser__reduction-finding-full-set-params-k1c3n4__query51_query15_1344n.qdimacs,/Users/mkhabour/Desktop/QBNF/qbf_transformer/mutants/qdimacs__Jordan-Kaiser__reduction-finding-full-set-params-k1c3n4__query51_query15_1344n_universal_reduction_trigger.qdimacs,True,True,SAT,SAT,0.005777625017799437,0.0058144169743172824,1.0063680069932712,SAT,SAT,0.0048486460000276566,0.004774895496666431,0.9847894642420163,44.87190186096971,44.90528248351831,0.03338062254860574,51.15436849253056,51.18454806096273,0.03017956843217462
blocked_clause_insertion,/Users/mkhabour/Desktop/QBNF/qbf_transformer/benchmarks/qdimacs__Jordan-Kaiser__reduction-finding-full-set-params-k1c3n4__query51_query15_1344n.qdimacs,/Users/mkhabour/Desktop/QBNF/qbf_transformer/mutants/qdimacs__Jordan-Kaiser__reduction-finding-full-set-params-k1c3n4__query51_query15_1344n_blocked_clause_insertion.qdimacs,True,True,SAT,SAT,0.005904604448005557,0.00570097949821502,0.9655142098706854,SAT,SAT,0.004819437977857888,0.0048593124956823885,1.0082736862695811,44.87190186096971,45.08053075189852,0.20862889092881431,51.15436849253056,51.38071525577185,0.22634676324128833
blocked_clause_insertion_neg,/Users/mkhabour/Desktop/QBNF/qbf_transformer/benchmarks/qdimacs__Jordan-Kaiser__reduction-finding-full-set-params-k1c3n4__query51_query15_1344n.qdimacs,/Users/mkhabour/Desktop/QBNF/qbf_transformer/mutants/qdimacs__Jordan-Kaiser__reduction-finding-full-set-params-k1c3n4__query51_query15_1344n_blocked_clause_insertion_neg.qdimacs,True,True,SAT,SAT,0.005808812449686229,0.005714124999940395,0.9836993446481563,SAT,SAT,0.004780957999173552,0.004868312506005168,1.0182713395195515,44.87190186096971,45.08053075189852,0.20862889092881431,51.15436849253056,51.36562547155575,0.21125697902519391
blocked_clause_insertion_v1,/Users/mkhabour/Desktop/QBNF/qbf_transformer/benchmarks/qdimacs__Jordan-Kaiser__reduction-finding-full-set-params-k1c3n4__query51_query15_1344n.qdimacs,/Users/mkhabour/Desktop/QBNF/qbf_transformer/mutants/qdimacs__Jordan-Kaiser__reduction-finding-full-set-params-k1c3n4__query51_query15_1344n_blocked_clause_insertion_v1.qdimacs,True,True,SAT,SAT,0.0058461460284888744,0.005718687491025776,0.9781978525952003,SAT,SAT,0.004876437014900148,0.0049017915152944624,1.005199390521572,44.87190186096971,45.08053075189852,0.20862889092881431,51.15436849253056,51.38071525577185,0.22634676324128833
tautology_insertion,/Users/mkhabour/Desktop/QBNF/qbf_transformer/benchmarks/qdimacs__Jordan-Kaiser__reduction-finding-full-set-params-k1c3n4__query51_query15_1344n_003.qdimacs,/Users/mkhabour/Desktop/QBNF/qbf_transformer/mutants/qdimacs__Jordan-Kaiser__reduction-finding-full-set-params-k1c3n4__query51_query15_1344n_003_tautology_insertion.qdimacs,True,True,SAT,SAT,0.005758999963290989,0.005674686981365085,0.9853597877299302,SAT,SAT,0.004814978979993612,0.0049028744688257575,1.0182545945054702,44.87190186096971,44.90528248351831,0.03338062254860574,51.15436849253056,51.18454806096273,0.03017956843217462
universal_reduction_trigger,/Users/mkhabour/Desktop/QBNF/qbf_transformer/benchmarks/qdimacs__Jordan-Kaiser__reduction-finding-full-set-params-k1c3n4__query51_query15_1344n_003.qdimacs,/Users/mkhabour/Desktop/QBNF/qbf_transformer/mutants/qdimacs__Jordan-Kaiser__reduction-finding-full-set-params-k1c3n4__query51_query15_1344n_003_universal_reduction_trigger.qdimacs,True,True,SAT,SAT,0.005809833528473973,0.005675228429026902,0.9768315049325643,SAT,SAT,0.004848250013310462,0.004936354001984,1.0181723278361585,44.87190186096971,44.90528248351831,0.03338062254860574,51.15436849253056,51.18454806096273,0.03017956843217462
blocked_clause_insertion,/Users/mkhabour/Desktop/QBNF/qbf_transformer/benchmarks/qdimacs__Jordan-Kaiser__reduction-finding-full-set-params-k1c3n4__query51_query15_1344n_003.qdimacs,/Users/mkhabour/Desktop/QBNF/qbf_transformer/mutants/qdimacs__Jordan-Kaiser__reduction-finding-full-set-params-k1c3n4__query51_query15_1344n_003_blocked_clause_insertion.qdimacs,True,True,SAT,SAT,0.005758125043939799,0.005694437480997294,0.9889395311049152,SAT,SAT,0.004863291513174772,0.004808083001989871,0.9886479124199444,44.87190186096971,45.08053075189852,0.20862889092881431,51.15436849253056,51.38071525577185,0.22634676324128833
blocked_clause_insertion_neg,/Users/mkhabour/Desktop/QBNF/qbf_transformer/benchmarks/qdimacs__Jordan-Kaiser__reduction-finding-full-set-params-k1c3n4__query51_query15_1344n_003.qdimacs,/Users/mkhabour/Desktop/QBNF/qbf_transformer/mutants/qdimacs__Jordan-Kaiser__reduction-finding-full-set-params-k1c3n4__query51_query15_1344n_003_blocked_clause_insertion_neg.qdimacs,True,True,SAT,SAT,0.005814396019559354,0.00570312503259629,0.9808628468737333,SAT,SAT,0.00489487498998642,0.004857395484577864,0.992343112850639,44.87190186096971,45.08053075189852,0.20862889092881431,51.15436849253056,51.36562547155575,0.21125697902519391
blocked_clause_insertion_v1,/Users/mkhabour/Desktop/QBNF/qbf_transformer/benchmarks/qdimacs__Jordan-Kaiser__reduction-finding-full-set-params-k1c3n4__query51_query15_1344n_003.qdimacs,/Users/mkhabour/Desktop/QBNF/qbf_transformer/mutants/qdimacs__Jordan-Kaiser__reduction-finding-full-set-params-k1c3n4__query51_query15_1344n_003_blocked_clause_insertion_v1.qdimacs,True,True,SAT,SAT,0.005748229566961527,0.005687083466909826,0.9893626203791261,SAT,SAT,0.004873625002801418,0.004868583520874381,0.9989655580960498,44.87190186096971,45.08053075189852,0.20862889092881431,51.15436849253056,51.38071525577185,0.22634676324128833
tautology_insertion,/Users/mkhabour/Desktop/QBNF/qbf_transformer/benchmarks/qdimacs__Jordan-Kaiser__reduction-finding-full-set-params-k1c3n4__query51_query23_1344.qdimacs,/Users/mkhabour/Desktop/QBNF/qbf_transformer/mutants/qdimacs__Jordan-Kaiser__reduction-finding-full-set-params-k1c3n4__query51_query23_1344_tautology_insertion.qdimacs,True,True,UNSAT,UNSAT,0.004311312455683947,0.004301312495954335,0.9976805300398889,UNSAT,UNSAT,0.004832041508052498,0.004799291433300823,0.9932223109637826,33.22206459150463,33.25544521405324,0.03338062254860574,39.23343896182285,39.263618530255016,0.030179568432167514
universal_reduction_trigger,/Users/mkhabour/Desktop/QBNF/qbf_transformer/benchmarks/qdimacs__Jordan-Kaiser__reduction-finding-full-set-params-k1c3n4__query51_query23_1344.qdimacs,/Users/mkhabour/Desktop/QBNF/qbf_transformer/mutants/qdimacs__Jordan-Kaiser__reduction-finding-full-set-params-k1c3n4__query51_query23_1344_universal_reduction_trigger.qdimacs,True,True,UNSAT,UNSAT,0.004406353924423456,0.004238687513861805,0.9619489461270206,UNSAT,UNSAT,0.004859874956309795,0.004991916532162577,1.0271697475840085,33.22206459150463,33.25544521405324,0.03338062254860574,39.23343896182285,39.263618530255016,0.030179568432167514
blocked_clause_insertion,/Users/mkhabour/Desktop/QBNF/qbf_transformer/benchmarks/qdimacs__Jordan-Kaiser__reduction-finding-full-set-params-k1c3n4__query51_query23_1344.qdimacs,/Users/mkhabour/Desktop/QBNF/qbf_transformer/mutants/qdimacs__Jordan-Kaiser__reduction-finding-full-set-params-k1c3n4__query51_query23_1344_blocked_clause_insertion.qdimacs,True,True,UNSAT,UNSAT,0.004440499935299158,0.004362396022770554,0.9824110091956701,UNSAT,UNSAT,0.005659896007273346,0.004857708001509309,0.8582680662801627,33.22206459150463,33.22206459150463,0.0,39.23343896182285,39.23343896182285,0.0
blocked_clause_insertion_neg,/Users/mkhabour/Desktop/QBNF/qbf_transformer/benchmarks/qdimacs__Jordan-Kaiser__reduction-finding-full-set-params-k1c3n4__query51_query23_1344.qdimacs,/Users/mkhabour/Desktop/QBNF/qbf_transformer/mutants/qdimacs__Jordan-Kaiser__reduction-finding-full-set-params-k1c3n4__query51_query23_1344_blocked_clause_insertion_neg.qdimacs,True,True,UNSAT,UNSAT,0.0042922915308736265,0.004253270977642387,0.9909091558784924,UNSAT,UNSAT,0.004834770516026765,0.004940520448144525,1.021872792465994,33.22206459150463,33.92305766502545,0.7009930735208201,39.23343896182285,40.28972385694885,1.056284895125998
blocked_clause_insertion_v1,/Users/mkhabour/Desktop/QBNF/qbf_transformer/benchmarks/qdimacs__Jordan-Kaiser__reduction-finding-full-set-params-k1c3n4__query51_query23_1344.qdimacs,/Users/mkhabour/Desktop/QBNF/qbf_transformer/mutants/qdimacs__Jordan-Kaiser__reduction-finding-full-set-params-k1c3n4__query51_query23_1344_blocked_clause_insertion_v1.qdimacs,True,True,UNSAT,UNSAT,0.004234583000652492,0.004205958510283381,0.9932403048034008,UNSAT,UNSAT,0.004804875003173947,0.004866270464845002,1.012777743776997,33.22206459150463,33.22206459150463,0.0,39.23343896182285,39.23343896182285,0.0
tautology_insertion,/Users/mkhabour/Desktop/QBNF/qbf_transformer/benchmarks/qdimacs__Jordan-Kaiser__reduction-finding-full-set-params-k1c3n4__query51_query30_1344.qdimacs,/Users/mkhabour/Desktop/QBNF/qbf_transformer/mutants/qdimacs__Jordan-Kaiser__reduction-finding-full-set-params-k1c3n4__query51_query30_1344_tautology_insertion.qdimacs,True,True,UNSAT,UNSAT,0.00932512548752129,0.009337604511529207,1.0013382151290742,UNSAT,UNSAT,0.005101250018924475,0.005038333416450769,0.9876664342582113,44.34615705582909,44.3795376783777,0.03338062254861285,49.841557265731105,49.87173683416327,0.030179568432167514
universal_reduction_trigger,/Users/mkhabour/Desktop/QBNF/qbf_transformer/benchmarks/qdimacs__Jordan-Kaiser__reduction-finding-full-set-params-k1c3n4__query51_query30_1344.qdimacs,/Users/mkhabour/Desktop/QBNF/qbf_transformer/mutants/qdimacs__Jordan-Kaiser__reduction-finding-full-set-params-k1c3n4__query51_query30_1344_universal_reduction_trigger.qdimacs,True,True,UNSAT,UNSAT,0.009470020944718271,0.00951583351707086,1.0048376421361707,UNSAT,UNSAT,0.005242916464339942,0.005302020988892764,1.01127321500444,44.34615705582909,44.3795376783777,0.03338062254861285,49.841557265731105,49.87173683416327,0.030179568432167514
blocked_clause_insertion,/Users/mkhabour/Desktop/QBNF/qbf_transformer/benchmarks/qdimacs__Jordan-Kaiser__reduction-finding-full-set-params-k1c3n4__query51_query30_1344.qdimacs,/Users/mkhabour/Desktop/QBNF/qbf_transformer/mutants/qdimacs__Jordan-Kaiser__reduction-finding-full-set-params-k1c3n4__query51_query30_1344_blocked_clause_insertion.qdimacs,True,True,UNSAT,UNSAT,0.009634083020500839,0.009399916976690292,0.975693997725341,UNSAT,UNSAT,0.005492958065588027,0.005438125517684966,0.9900176649360255,44.34615705582909,44.237670032546106,-0.10848702328298288,49.841557265731105,49.81137769729893,-0.03017956843217462
blocked_clause_insertion_neg,/Users/mkhabour/Desktop/QBNF/qbf_transformer/benchmarks/qdimacs__Jordan-Kaiser__reduction-finding-full-set-params-k1c3n4__query51_query30_1344.qdimacs,/Users/mkhabour/Desktop/QBNF/qbf_transformer/mutants/qdimacs__Jordan-Kaiser__reduction-finding-full-set-params-k1c3n4__query51_query30_1344_blocked_clause_insertion_neg.qdimacs,True,True,UNSAT,UNSAT,0.009747791453264654,0.010623354464769363,1.0898216807060919,UNSAT,UNSAT,0.005745896021835506,0.005371728970203549,0.9348809915442168,44.34615705582909,45.13060168572144,0.7844446298923486,49.841557265731105,51.033650218801874,1.1920929530707696
blocked_clause_insertion_v1,/Users/mkhabour/Desktop/QBNF/qbf_transformer/benchmarks/qdimacs__Jordan-Kaiser__reduction-finding-full-set-params-k1c3n4__query51_query30_1344.qdimacs,/Users/mkhabour/Desktop/QBNF/qbf_transformer/mutants/qdimacs__Jordan-Kaiser__reduction-finding-full-set-params-k1c3n4__query51_query30_1344_blocked_clause_insertion_v1.qdimacs,True,True,UNSAT,UNSAT,0.009678750007878989,0.009612103982362896,0.9931141908343701,UNSAT,UNSAT,0.005437188025098294,0.005330937507096678,0.9804585536657627,44.34615705582909,44.229324876908954,-0.11683217892013431,49.841557265731105,49.79628791308284,-0.04526935264826193
tautology_insertion,/Users/mkhabour/Desktop/QBNF/qbf_transformer/benchmarks/qdimacs__Jordan-Kaiser__reduction-finding-full-set-params-k1c3n4__query51_query30_1344_001.qdimacs,/Users/mkhabour/Desktop/QBNF/qbf_transformer/mutants/qdimacs__Jordan-Kaiser__reduction-finding-full-set-params-k1c3n4__query51_query30_1344_001_tautology_insertion.qdimacs,True,True,UNSAT,UNSAT,0.009672145475633442,0.009573645482305437,0.9898161174709219,UNSAT,UNSAT,0.005514812539331615,0.005307500541675836,0.9624081514689337,44.34615705582909,44.3795376783777,0.03338062254861285,49.841557265731105,49.87173683416327,0.030179568432167514
universal_reduction_trigger,/Users/mkhabour/Desktop/QBNF/qbf_transformer/benchmarks/qdimacs__Jordan-Kaiser__reduction-finding-full-set-params-k1c3n4__query51_query30_1344_001.qdimacs,/Users/mkhabour/Desktop/QBNF/qbf_transformer/mutants/qdimacs__Jordan-Kaiser__reduction-finding-full-set-params-k1c3n4__query51_query30_1344_001_universal_reduction_trigger.qdimacs,True,True,UNSAT,UNSAT,0.009800354426261038,0.009679250011686236,0.9876428535839183,UNSAT,UNSAT,0.005516353994607925,0.005346520978491753,0.9692128140648373,44.34615705582909,44.3795376783777,0.03338062254861285,49.841557265731105,49.87173683416327,0.030179568432167514
blocked_clause_insertion,/Users/mkhabour/Desktop/QBNF/qbf_transformer/benchmarks/qdimacs__Jordan-Kaiser__reduction-finding-full-set-params-k1c3n4__query51_query30_1344_001.qdimacs,/Users/mkhabour/Desktop/QBNF/qbf_transformer/mutants/qdimacs__Jordan-Kaiser__reduction-finding-full-set-params-k1c3n4__query51_query30_1344_001_blocked_clause_insertion.qdimacs,True,True,UNSAT,UNSAT,0.009795020509045571,0.009690833510830998,0.9893632690081294,UNSAT,UNSAT,0.005413562525063753,0.005350541498046368,0.9883586775389386,44.34615705582909,44.237670032546106,-0.10848702328298288,49.841557265731105,49.81137769729893,-0.03017956843217462
blocked_clause_insertion_neg,/Users/mkhabour/Desktop/QBNF/qbf_transformer/benchmarks/qdimacs__Jordan-Kaiser__reduction-finding-full-set-params-k1c3n4__query51_query30_1344_001.qdimacs,/Users/mkhabour/Desktop/QBNF/qbf_transformer/mutants/qdimacs__Jordan-Kaiser__reduction-finding-full-set-params-k1c3n4__query51_query30_1344_001_blocked_clause_insertion_neg.qdimacs,True,True,UNSAT,UNSAT,0.009782458539120853,0.010668229486327618,1.0905468644374514,UNSAT,UNSAT,0.0055616459576413035,0.0053371459362097085,0.9596342480011428,44.34615705582909,45.13060168572144,0.7844446298923486,49.841557265731105,51.033650218801874,1.1920929530707696
blocked_clause_insertion_v1,/Users/mkhabour/Desktop/QBNF/qbf_transformer/benchmarks/qdimacs__Jordan-Kaiser__reduction-finding-full-set-params-k1c3n4__query51_query30_1344_001.qdimacs,/Users/mkhabour/Desktop/QBNF/qbf_transformer/mutants/qdimacs__Jordan-Kaiser__reduction-finding-full-set-params-k1c3n4__query51_query30_1344_001_blocked_clause_insertion_v1.qdimacs,True,True,UNSAT,UNSAT,0.009707104472909123,0.009591875015757978,0.9881293688068641,UNSAT,UNSAT,0.00535591650987044,0.005331499967724085,0.9954412018743464,44.34615705582909,44.229324876908954,-0.11683217892013431,49.841557265731105,49.79628791308284,-0.04526935264826193
tautology_insertion,/Users/mkhabour/Desktop/QBNF/qbf_transformer/benchmarks/qdimacs__Jordan-Kaiser__reduction-finding-full-set-params-k1c3n4__query52_query24_1344n.qdimacs,/Users/mkhabour/Desktop/QBNF/qbf_transformer/mutants/qdimacs__Jordan-Kaiser__reduction-finding-full-set-params-k1c3n4__query52_query24_1344n_tautology_insertion.qdimacs,True,True,SAT,SAT,0.0043854794930666685,0.004252374987117946,0.9696488135084984,SAT,SAT,0.004964666557498276,0.0049329164903610945,0.9936047936413315,23.04931986981557,23.082700492364182,0.03338062254861285,27.418137920627732,27.44831748905991,0.030179568432178172
pure_literal_gen_auto,/Users/mkhabour/Desktop/QBNF/qbf_transformer/benchmarks/qdimacs__Jordan-Kaiser__reduction-finding-full-set-params-k1c3n4__query52_query24_1344n.qdimacs,/Users/mkhabour/Desktop/QBNF/qbf_transformer/mutants/qdimacs__Jordan-Kaiser__reduction-finding-full-set-params-k1c3n4__query52_query24_1344n_pure_literal_gen_auto.qdimacs,True,True,SAT,SAT,0.004257396038156003,0.0041303535690531135,0.9701595839418512,SAT,SAT,0.004675041476730257,0.0047658749972470105,1.0194294576783696,23.04931986981557,23.04931986981557,0.0,27.418137920627732,27.418137920627732,0.0
pure_literal_gen_neg,/Users/mkhabour/Desktop/QBNF/qbf_transformer/benchmarks/qdimacs__Jordan-Kaiser__reduction-finding-full-set-params-k1c3n4__query52_query24_1344n.qdimacs,/Users/mkhabour/Desktop/QBNF/qbf_transformer/mutants/qdimacs__Jordan-Kaiser__reduction-finding-full-set-params-k1c3n4__query52_query24_1344n_pure_literal_gen_neg.qdimacs,True,True,SAT,SAT,0.004370145499706268,0.004264937539119273,0.9759257533658625,SAT,SAT,0.004826395481359214,0.004835332976654172,1.0018517950568862,23.04931986981557,23.04931986981557,0.0,27.418137920627732,27.418137920627732,0.0
universal_reduction_trigger,/Users/mkhabour/Desktop/QBNF/qbf_transformer/benchmarks/qdimacs__Jordan-Kaiser__reduction-finding-full-set-params-k1c3n4__query52_query24_1344n.qdimacs,/Users/mkhabour/Desktop/QBNF/qbf_transformer/mutants/qdimacs__Jordan-Kaiser__reduction-finding-full-set-params-k1c3n4__query52_query24_1344n_universal_reduction_trigger.qdimacs,True,True,SAT,SAT,0.004263708018697798,0.004260791523847729,0.9993159721919795,SAT,SAT,0.0048887915327213705,0.004839437431655824,0.9899046419273122,23.04931986981557,23.082700492364182,0.03338062254861285,27.418137920627732,27.44831748905991,0.030179568432178172
blocked_clause_insertion,/Users/mkhabour/Desktop/QBNF/qbf_transformer/benchmarks/qdimacs__Jordan-Kaiser__reduction-finding-full-set-params-k1c3n4__query52_query24_1344n.qdimacs,/Users/mkhabour/Desktop/QBNF/qbf_transformer/mutants/qdimacs__Jordan-Kaiser__reduction-finding-full-set-params-k1c3n4__query52_query24_1344n_blocked_clause_insertion.qdimacs,True,True,SAT,SAT,0.00448270799824968,0.00434337550541386,0.9689177852114785,SAT,SAT,0.004709458560682833,0.0046856660628691316,0.9949479335029435,23.04931986981557,23.04931986981557,0.0,27.418137920627732,27.418137920627732,0.0
blocked_clause_insertion_neg,/Users/mkhabour/Desktop/QBNF/qbf_transformer/benchmarks/qdimacs__Jordan-Kaiser__reduction-finding-full-set-params-k1c3n4__query52_query24_1344n.qdimacs,/Users/mkhabour/Desktop/QBNF/qbf_transformer/mutants/qdimacs__Jordan-Kaiser__reduction-finding-full-set-params-k1c3n4__query52_query24_1344n_blocked_clause_insertion_neg.qdimacs,True,True,SAT,SAT,0.004205313045531511,0.004174124973360449,0.9925836502934776,SAT,SAT,0.004710978944785893,0.004783541546203196,1.0154028710948952,23.04931986981557,23.04931986981557,0.0,27.418137920627732,27.418137920627732,0.0
blocked_clause_insertion_v1,/Users/mkhabour/Desktop/QBNF/qbf_transformer/benchmarks/qdimacs__Jordan-Kaiser__reduction-finding-full-set-params-k1c3n4__query52_query24_1344n.qdimacs,/Users/mkhabour/Desktop/QBNF/qbf_transformer/mutants/qdimacs__Jordan-Kaiser__reduction-finding-full-set-params-k1c3n4__query52_query24_1344n_blocked_clause_insertion_v1.qdimacs,True,True,SAT,SAT,0.004235624975990504,0.004168437037151307,0.9841374202815287,SAT,SAT,0.004717249947134405,0.004689000023063272,0.9940113573824312,23.04931986981557,23.04931986981557,0.0,27.418137920627732,27.418137920627732,0.0
tautology_insertion,/Users/mkhabour/Desktop/QBNF/qbf_transformer/benchmarks/qdimacs__Jordan-Kaiser__reduction-finding-full-set-params-k1c3n4__query52_query24_1344n_004.qdimacs,/Users/mkhabour/Desktop/QBNF/qbf_transformer/mutants/qdimacs__Jordan-Kaiser__reduction-finding-full-set-params-k1c3n4__query52_query24_1344n_004_tautology_insertion.qdimacs,True,True,SAT,SAT,0.004153395479079336,0.004102978971786797,0.9878613756993556,SAT,SAT,0.004788208520039916,0.004687729524448514,0.9790153258424584,23.04931986981557,23.082700492364182,0.03338062254861285,27.418137920627732,27.44831748905991,0.030179568432178172
pure_literal_gen_auto,/Users/mkhabour/Desktop/QBNF/qbf_transformer/benchmarks/qdimacs__Jordan-Kaiser__reduction-finding-full-set-params-k1c3n4__query52_query24_1344n_004.qdimacs,/Users/mkhabour/Desktop/QBNF/qbf_transformer/mutants/qdimacs__Jordan-Kaiser__reduction-finding-full-set-params-k1c3n4__query52_query24_1344n_004_pure_literal_gen_auto.qdimacs,True,True,SAT,SAT,0.0045078334514983,0.004280083463527262,0.9494768406105734,SAT,SAT,0.004717395990155637,0.004728020518086851,1.0022522018404614,23.04931986981557,23.04931986981557,0.0,27.418137920627732,27.418137920627732,0.0
pure_literal_gen_neg,/Users/mkhabour/Desktop/QBNF/qbf_transformer/benchmarks/qdimacs__Jordan-Kaiser__reduction-finding-full-set-params-k1c3n4__query52_query24_1344n_004.qdimacs,/Users/mkhabour/Desktop/QBNF/qbf_transformer/mutants/qdimacs__Jordan-Kaiser__reduction-finding-full-set-params-k1c3n4__query52_query24_1344n_004_pure_literal_gen_neg.qdimacs,True,True,SAT,SAT,0.004269479017239064,0.0042783545213751495,1.002078826034804,SAT,SAT,0.004908041446469724,0.004903166962321848,0.999006837207664,23.04931986981557,23.04931986981557,0.0,27.418137920627732,27.418137920627732,0.0
universal_reduction_trigger,/Users/mkhabour/Desktop/QBNF/qbf_transformer/benchmarks/qdimacs__Jordan-Kaiser__reduction-finding-full-set-params-k1c3n4__query52_query24_1344n_004.qdimacs,/Users/mkhabour/Desktop/QBNF/qbf_transformer/mutants/qdimacs__Jordan-Kaiser__reduction-finding-full-set-params-k1c3n4__query52_query24_1344n_004_universal_reduction_trigger.qdimacs,True,True,SAT,SAT,0.004237416957039386,0.004146041988860816,0.9784361630906361,SAT,SAT,0.0047470625140704215,0.004760854528285563,1.0029053786787643,23.04931986981557,23.082700492364182,0.03338062254861285,27.418137920627732,27.44831748905991,0.030179568432178172
blocked_clause_insertion,/Users/mkhabour/Desktop/QBNF/qbf_transformer/benchmarks/qdimacs__Jordan-Kaiser__reduction-finding-full-set-params-k1c3n4__query52_query24_1344n_004.qdimacs,/Users/mkhabour/Desktop/QBNF/qbf_transformer/mutants/qdimacs__Jordan-Kaiser__reduction-finding-full-set-params-k1c3n4__query52_query24_1344n_004_blocked_clause_insertion.qdimacs,True,True,SAT,SAT,0.004356729506980628,0.004257978987880051,0.9773337961554986,SAT,SAT,0.004700020945165306,0.004692875023465604,0.9984795979032703,23.04931986981557,23.04931986981557,0.0,27.418137920627732,27.418137920627732,0.0
blocked_clause_insertion_neg,/Users/mkhabour/Desktop/QBNF/qbf_transformer/benchmarks/qdimacs__Jordan-Kaiser__reduction-finding-full-set-params-k1c3n4__query52_query24_1344n_004.qdimacs,/Users/mkhabour/Desktop/QBNF/qbf_transformer/mutants/qdimacs__Jordan-Kaiser__reduction-finding-full-set-params-k1c3n4__query52_query24_1344n_004_blocked_clause_insertion_neg.qdimacs,True,True,SAT,SAT,0.004303083464037627,0.004150291497353464,0.9644924464140427,SAT,SAT,0.0045987500343471766,0.004672146053053439,1.0159599930759622,23.04931986981557,23.04931986981557,0.0,27.418137920627732,27.418137920627732,0.0
blocked_clause_insertion_v1,/Users/mkhabour/Desktop/QBNF/qbf_transformer/benchmarks/qdimacs__Jordan-Kaiser__reduction-finding-full-set-params-k1c3n4__query52_query24_1344n_004.qdimacs,/Users/mkhabour/Desktop/QBNF/qbf_transformer/mutants/qdimacs__Jordan-Kaiser__reduction-finding-full-set-params-k1c3n4__query52_query24_1344n_004_blocked_clause_insertion_v1.qdimacs,True,True,SAT,SAT,0.004215749970171601,0.00414252100745216,0.9826296712951267,SAT,SAT,0.004694041970651597,0.0046823330339975655,0.9975055747845378,23.04931986981557,23.04931986981557,0.0,27.418137920627732,27.418137920627732,0.0
tautology_insertion,/Users/mkhabour/Desktop/QBNF/qbf_transformer/benchmarks/qdimacs__Kronegger-Pfandler-Pichler__bomb__p10-1.pddl_planlen=1.qdimacs,/Users/mkhabour/Desktop/QBNF/qbf_transformer/mutants/qdimacs__Kronegger-Pfandler-Pichler__bomb__p10-1.pddl_planlen=1_tautology_insertion.qdimacs,True,True,UNSAT,UNSAT,0.004455041547771543,0.004461874428670853,1.0015337412291312,UNSAT,UNSAT,0.01644347852561623,0.016412687487900257,0.9981274620410758,30.785279145456062,30.76858883418176,-0.01669031127430287,38.056435792968166,38.026256224535985,-0.030179568432181725
pure_literal_gen_auto,/Users/mkhabour/Desktop/QBNF/qbf_transformer/benchmarks/qdimacs__Kronegger-Pfandler-Pichler__bomb__p10-1.pddl_planlen=1.qdimacs,/Users/mkhabour/Desktop/QBNF/qbf_transformer/mutants/qdimacs__Kronegger-Pfandler-Pichler__bomb__p10-1.pddl_planlen=1_pure_literal_gen_auto.qdimacs,True,True,UNSAT,UNSAT,0.00508133351104334,0.004974146024324,0.9789056383552884,UNSAT,UNSAT,0.018572729488369077,0.01835616648895666,0.9883397322107105,30.785279145456062,30.76858883418176,-0.01669031127430287,38.056435792968166,38.026256224535985,-0.030179568432181725
pure_literal_gen_pos,/Users/mkhabour/Desktop/QBNF/qbf_transformer/benchmarks/qdimacs__Kronegger-Pfandler-Pichler__bomb__p10-1.pddl_planlen=1.qdimacs,/Users/mkhabour/Desktop/QBNF/qbf_transformer/mutants/qdimacs__Kronegger-Pfandler-Pichler__bomb__p10-1.pddl_planlen=1_pure_literal_gen_pos.qdimacs,True,True,UNSAT,UNSAT,0.004500854527577758,0.004462145501747727,0.9913996274278915,UNSAT,UNSAT,0.016514937509782612,0.01627489598467946,0.9854651872003171,30.785279145456062,30.76858883418176,-0.01669031127430287,38.056435792968166,38.026256224535985,-0.030179568432181725
pure_literal_gen_neg,/Users/mkhabour/Desktop/QBNF/qbf_transformer/benchmarks/qdimacs__Kronegger-Pfandler-Pichler__bomb__p10-1.pddl_planlen=1.qdimacs,/Users/mkhabour/Desktop/QBNF/qbf_transformer/mutants/qdimacs__Kronegger-Pfandler-Pichler__bomb__p10-1.pddl_planlen=1_pure_literal_gen_neg.qdimacs,True,True,UNSAT,UNSAT,0.0044898129417560995,0.004467603983357549,0.9950534780208763,UNSAT,UNSAT,0.016485041531268507,0.01650929154129699,1.0014710311758988,30.785279145456062,30.76858883418176,-0.01669031127430287,38.056435792968166,38.026256224535985,-0.030179568432181725
universal_reduction_trigger,/Users/mkhabour/Desktop/QBNF/qbf_transformer/benchmarks/qdimacs__Kronegger-Pfandler-Pichler__bomb__p10-1.pddl_planlen=1.qdimacs,/Users/mkhabour/Desktop/QBNF/qbf_transformer/mutants/qdimacs__Kronegger-Pfandler-Pichler__bomb__p10-1.pddl_planlen=1_universal_reduction_trigger.qdimacs,True,True,UNSAT,UNSAT,0.004847500007599592,0.004774437460582703,0.9849277881583608,UNSAT,UNSAT,0.016620812006294727,0.01664602046366781,1.0015166802538609,30.785279145456062,30.76858883418176,-0.01669031127430287,38.056435792968166,38.026256224535985,-0.030179568432181725
blocked_clause_insertion,/Users/mkhabour/Desktop/QBNF/qbf_transformer/benchmarks/qdimacs__Kronegger-Pfandler-Pichler__bomb__p10-1.pddl_planlen=1.qdimacs,/Users/mkhabour/Desktop/QBNF/qbf_transformer/mutants/qdimacs__Kronegger-Pfandler-Pichler__bomb__p10-1.pddl_planlen=1_blocked_clause_insertion.qdimacs,True,True,UNSAT,UNSAT,0.004515958018600941,0.004487562458962202,0.9937121736912126,UNSAT,UNSAT,0.01656320848269388,0.01695168745936826,1.0234543311508928,30.785279145456062,33.68939330718518,2.9041141617291153,38.056435792968166,40.21427493586842,2.157839142900251
blocked_clause_insertion_neg,/Users/mkhabour/Desktop/QBNF/qbf_transformer/benchmarks/qdimacs__Kronegger-Pfandler-Pichler__bomb__p10-1.pddl_planlen=1.qdimacs,/Users/mkhabour/Desktop/QBNF/qbf_transformer/mutants/qdimacs__Kronegger-Pfandler-Pichler__bomb__p10-1.pddl_planlen=1_blocked_clause_insertion_neg.qdimacs,True,True,UNSAT,UNSAT,0.004576395556796342,0.00448139599757269,0.9792414012196631,UNSAT,UNSAT,0.016481978993397206,0.01704377098940313,1.0340852270368128,30.785279145456062,33.55587081699073,2.770591671534671,38.056435792968166,39.92756903576279,1.8711332427946203
blocked_clause_insertion_v1,/Users/mkhabour/Desktop/QBNF/qbf_transformer/benchmarks/qdimacs__Kronegger-Pfandler-Pichler__bomb__p10-1.pddl_planlen=1.qdimacs,/Users/mkhabour/Desktop/QBNF/qbf_transformer/mutants/qdimacs__Kronegger-Pfandler-Pichler__bomb__p10-1.pddl_planlen=1_blocked_clause_insertion_v1.qdimacs,True,True,UNSAT,UNSAT,0.004532291961368173,0.004461541539058089,0.9843897032862979,UNSAT,UNSAT,0.016456979035865515,0.01697043696185574,1.0312000109419366,30.785279145456062,33.68939330718518,2.9041141617291153,38.056435792968166,40.21427493586842,2.157839142900251
tautology_insertion,/Users/mkhabour/Desktop/QBNF/qbf_transformer/benchmarks/qdimacs__Tacchella__mA-t2-2qbf-5cnf-20var-80cl__2qbf-5cnf-20var-80cl.6.qdimacs,/Users/mkhabour/Desktop/QBNF/qbf_transformer/mutants/qdimacs__Tacchella__mA-t2-2qbf-5cnf-20var-80cl__2qbf-5cnf-20var-80cl.6_tautology_insertion.qdimacs,True,True,SAT,SAT,0.13871893752366304,0.13946258352370933,1.005360810955746,SAT,SAT,0.005703333008568734,0.00564283347921446,0.9893922502397494,49.695401819243926,49.71209213051823,0.01669031127430287,56.88848649464313,56.88848649464313,0.0
universal_reduction_trigger,/Users/mkhabour/Desktop/QBNF/qbf_transformer/benchmarks/qdimacs__Tacchella__mA-t2-2qbf-5cnf-20var-80cl__2qbf-5cnf-20var-80cl.6.qdimacs,/Users/mkhabour/Desktop/QBNF/qbf_transformer/mutants/qdimacs__Tacchella__mA-t2-2qbf-5cnf-20var-80cl__2qbf-5cnf-20var-80cl.6_universal_reduction_trigger.qdimacs,True,True,SAT,SAT,0.138001978979446,0.13814237446058542,1.0010173439698304,SAT,SAT,0.005580541444942355,0.005602666467893869,1.0039646731719134,49.695401819243926,49.71209213051823,0.01669031127430287,56.88848649464313,56.88848649464313,0.0
blocked_clause_insertion,/Users/mkhabour/Desktop/QBNF/qbf_transformer/benchmarks/qdimacs__Tacchella__mA-t2-2qbf-5cnf-20var-80cl__2qbf-5cnf-20var-80cl.6.qdimacs,/Users/mkhabour/Desktop/QBNF/qbf_transformer/mutants/qdimacs__Tacchella__mA-t2-2qbf-5cnf-20var-80cl__2qbf-5cnf-20var-80cl.6_blocked_clause_insertion.qdimacs,True,True,SAT,SAT,0.13788479147478938,0.1178863329696469,0.854962550320142,SAT,SAT,0.0056420835317112505,0.005674937448929995,1.0058230114875275,49.695401819243926,49.92072102144705,0.2253192022031243,56.88848649464313,57.08465368945224,0.1961671948091066
blocked_clause_insertion_neg,/Users/mkhabour/Desktop/QBNF/qbf_transformer/benchmarks/qdimacs__Tacchella__mA-t2-2qbf-5cnf-20var-80cl__2qbf-5cnf-20var-80cl.6.qdimacs,/Users/mkhabour/Desktop/QBNF/qbf_transformer/mutants/qdimacs__Tacchella__mA-t2-2qbf-5cnf-20var-80cl__2qbf-5cnf-20var-80cl.6_blocked_clause_insertion_neg.qdimacs,True,True,SAT,SAT,0.13832370849559084,0.09968135401140898,0.7206382412353151,SAT,SAT,0.005634666536934674,0.005893083056434989,1.0458619011092176,49.695401819243926,49.86230493198698,0.16690311274305714,56.88848649464313,56.82812735777878,-0.06035913686434924
blocked_clause_insertion_v1,/Users/mkhabour/Desktop/QBNF/qbf_transformer/benchmarks/qdimacs__Tacchella__mA-t2-2qbf-5cnf-20var-80cl__2qbf-5cnf-20var-80cl.6.qdimacs,/Users/mkhabour/Desktop/QBNF/qbf_transformer/mutants/qdimacs__Tacchella__mA-t2-2qbf-5cnf-20var-80cl__2qbf-5cnf-20var-80cl.6_blocked_clause_insertion_v1.qdimacs,True,True,SAT,SAT,0.1388202079688199,0.1390848125447519,1.0019060955159458,SAT,SAT,0.005636604444589466,0.005597833020146936,0.9931214927668472,49.695401819243926,49.88734039889844,0.19193857965451144,56.88848649464313,57.08465368945224,0.1961671948091066
tautology_insertion,/Users/mkhabour/Desktop/QBNF/qbf_transformer/benchmarks/qdimacs__Tacchella__mA-t2-2qbf-5cnf-40var-80cl__2qbf-5cnf-40var-80cl.8.qdimacs,/Users/mkhabour/Desktop/QBNF/qbf_transformer/mutants/qdimacs__Tacchella__mA-t2-2qbf-5cnf-40var-80cl__2qbf-5cnf-40var-80cl.8_tautology_insertion.qdimacs,True,True,SAT,SAT,0.004884375550318509,0.004766999976709485,0.9759691750972403,SAT,SAT,0.005371707957237959,0.005224979482591152,0.9726849494025264,31.795042977551528,31.811733288825838,0.016690311274309977,38.086615361400334,38.086615361400334,0.0
pure_literal_gen_auto,/Users/mkhabour/Desktop/QBNF/qbf_transformer/benchmarks/qdimacs__Tacchella__mA-t2-2qbf-5cnf-40var-80cl__2qbf-5cnf-40var-80cl.8.qdimacs,/Users/mkhabour/Desktop/QBNF/qbf_transformer/mutants/qdimacs__Tacchella__mA-t2-2qbf-5cnf-40var-80cl__2qbf-5cnf-40var-80cl.8_pure_literal_gen_auto.qdimacs,True,True,SAT,SAT,0.004929604008793831,0.004852833051700145,0.9844265468470215,SAT,SAT,0.005320188007317483,0.00527758349198848,0.9919919154604303,31.795042977551528,31.778352666277225,-0.01669031127430287,38.086615361400334,38.056435792968166,-0.030179568432167514
pure_literal_gen_pos,/Users/mkhabour/Desktop/QBNF/qbf_transformer/benchmarks/qdimacs__Tacchella__mA-t2-2qbf-5cnf-40var-80cl__2qbf-5cnf-40var-80cl.8.qdimacs,/Users/mkhabour/Desktop/QBNF/qbf_transformer/mutants/qdimacs__Tacchella__mA-t2-2qbf-5cnf-40var-80cl__2qbf-5cnf-40var-80cl.8_pure_literal_gen_pos.qdimacs,True,True,SAT,SAT,0.0048640420427545905,0.004797937523107976,0.9864095501096494,SAT,SAT,0.005326812970452011,0.005394062551204115,1.012624730983637,31.795042977551528,31.778352666277225,-0.01669031127430287,38.086615361400334,38.056435792968166,-0.030179568432167514
pure_literal_gen_neg,/Users/mkhabour/Desktop/QBNF/qbf_transformer/benchmarks/qdimacs__Tacchella__mA-t2-2qbf-5cnf-40var-80cl__2qbf-5cnf-40var-80cl.8.qdimacs,/Users/mkhabour/Desktop/QBNF/qbf_transformer/mutants/qdimacs__Tacchella__mA-t2-2qbf-5cnf-40var-80cl__2qbf-5cnf-40var-80cl.8_pure_literal_gen_neg.qdimacs,True,True,SAT,SAT,0.004819895955733955,0.0049155629822053015,1.019848359248821,SAT,SAT,0.005269020504783839,0.005424729024525732,1.0295517012318556,31.795042977551528,31.778352666277225,-0.01669031127430287,38.086615361400334,38.056435792968166,-0.030179568432167514
universal_reduction_trigger,/Users/mkhabour/Desktop/QBNF/qbf_transformer/benchmarks/qdimacs__Tacchella__mA-t2-2qbf-5cnf-40var-80cl__2qbf-5cnf-40var-80cl.8.qdimacs,/Users/mkhabour/Desktop/QBNF/qbf_transformer/mutants/qdimacs__Tacchella__mA-t2-2qbf-5cnf-40var-80cl__2qbf-5cnf-40var-80cl.8_universal_reduction_trigger.qdimacs,True,True,SAT,SAT,0.004819270980078727,0.004805749980732799,0.9971943890680105,SAT,SAT,0.005385333031881601,0.005372791551053524,0.9976711782254077,31.795042977551528,31.811733288825838,0.016690311274309977,38.086615361400334,38.086615361400334,0.0
blocked_clause_insertion,/Users/mkhabour/Desktop/QBNF/qbf_transformer/benchmarks/qdimacs__Tacchella__mA-t2-2qbf-5cnf-40var-80cl__2qbf-5cnf-40var-80cl.8.qdimacs,/Users/mkhabour/Desktop/QBNF/qbf_transformer/mutants/qdimacs__Tacchella__mA-t2-2qbf-5cnf-40var-80cl__2qbf-5cnf-40var-80cl.8_blocked_clause_insertion.qdimacs,True,True,SAT,SAT,0.004926104040350765,0.00482933345483616,0.9803555538571787,SAT,SAT,0.0052858124836348,0.005291687499266118,1.0011114687949123,31.795042977551528,31.861804222648754,0.0667612450972257,38.086615361400334,38.16206428248076,0.07544892108042944
blocked_clause_insertion_neg,/Users/mkhabour/Desktop/QBNF/qbf_transformer/benchmarks/qdimacs__Tacchella__mA-t2-2qbf-5cnf-40var-80cl__2qbf-5cnf-40var-80cl.8.qdimacs,/Users/mkhabour/Desktop/QBNF/qbf_transformer/mutants/qdimacs__Tacchella__mA-t2-2qbf-5cnf-40var-80cl__2qbf-5cnf-40var-80cl.8_blocked_clause_insertion_neg.qdimacs,True,True,SAT,SAT,0.004882104054559022,0.004878500010818243,0.9992617847345114,SAT,SAT,0.005286937463097274,0.005342145450413227,1.0104423378754341,31.795042977551528,31.778352666277225,-0.01669031127430287,38.086615361400334,38.056435792968166,-0.030179568432167514
blocked_clause_insertion_v1,/Users/mkhabour/Desktop/QBNF/qbf_transformer/benchmarks/qdimacs__Tacchella__mA-t2-2qbf-5cnf-40var-80cl__2qbf-5cnf-40var-80cl.8.qdimacs,/Users/mkhabour/Desktop/QBNF/qbf_transformer/mutants/qdimacs__Tacchella__mA-t2-2qbf-5cnf-40var-80cl__2qbf-5cnf-40var-80cl.8_blocked_clause_insertion_v1.qdimacs,True,True,SAT,SAT,0.004958958539646119,0.004831395985092968,0.9742763417896504,SAT,SAT,0.00535381241934374,0.005414853512775153,1.0114014254983732,31.795042977551528,31.778352666277225,-0.01669031127430287,38.086615361400334,38.056435792968166,-0.030179568432167514
tautology_insertion,/Users/mkhabour/Desktop/QBNF/qbf_transformer/benchmarks/qdimacs__Tacchella__mA-t2-3qbf-5cnf-20var-320cl__3qbf-5cnf-20var-320cl.8.qdimacs,/Users/mkhabour/Desktop/QBNF/qbf_transformer/mutants/qdimacs__Tacchella__mA-t2-3qbf-5cnf-20var-320cl__3qbf-5cnf-20var-320cl.8_tautology_insertion.qdimacs,True,True,UNSAT,UNSAT,0.11530806246446446,0.11611825000727549,1.00702628702187,UNSAT,UNSAT,0.009755582956131548,0.009659291477873921,0.9901296028447889,52.132187265292494,52.1488775765668,0.01669031127430287,59.89135355364418,59.89135355364418,0.0
universal_reduction_trigger,/Users/mkhabour/Desktop/QBNF/qbf_transformer/benchmarks/qdimacs__Tacchella__mA-t2-3qbf-5cnf-20var-320cl__3qbf-5cnf-20var-320cl.8.qdimacs,/Users/mkhabour/Desktop/QBNF/qbf_transformer/mutants/qdimacs__Tacchella__mA-t2-3qbf-5cnf-20var-320cl__3qbf-5cnf-20var-320cl.8_universal_reduction_trigger.qdimacs,True,True,UNSAT,UNSAT,0.11595004156697541,0.1153301044832915,0.994653412147974,UNSAT,UNSAT,0.009639125491958112,0.009663312521297485,1.0025092555709076,52.132187265292494,52.1488775765668,0.01669031127430287,59.89135355364418,59.89135355364418,0.0
blocked_clause_insertion,/Users/mkhabour/Desktop/QBNF/qbf_transformer/benchmarks/qdimacs__Tacchella__mA-t2-3qbf-5cnf-20var-320cl__3qbf-5cnf-20var-320cl.8.qdimacs,/Users/mkhabour/Desktop/QBNF/qbf_transformer/mutants/qdimacs__Tacchella__mA-t2-3qbf-5cnf-20var-320cl__3qbf-5cnf-20var-320cl.8_blocked_clause_insertion.qdimacs,True,True,UNSAT,UNSAT,0.11492735403589904,0.11492814595112577,1.000006890572165,UNSAT,UNSAT,0.009661603427957743,0.007826458080671728,0.810057889358648,52.132187265292494,52.1488775765668,0.01669031127430287,59.89135355364418,59.89135355364418,0.0
blocked_clause_insertion_neg,/Users/mkhabour/Desktop/QBNF/qbf_transformer/benchmarks/qdimacs__Tacchella__mA-t2-3qbf-5cnf-20var-320cl__3qbf-5cnf-20var-320cl.8.qdimacs,/Users/mkhabour/Desktop/QBNF/qbf_transformer/mutants/qdimacs__Tacchella__mA-t2-3qbf-5cnf-20var-320cl__3qbf-5cnf-20var-320cl.8_blocked_clause_insertion_neg.qdimacs,True,True,UNSAT,UNSAT,0.11448766652029008,0.11674381245393306,1.0197064539981968,UNSAT,UNSAT,0.00980789604363963,0.009587208507582545,0.9774989931505035,52.132187265292494,52.1488775765668,0.01669031127430287,59.89135355364418,59.89135355364418,0.0
blocked_clause_insertion_v1,/Users/mkhabour/Desktop/QBNF/qbf_transformer/benchmarks/qdimacs__Tacchella__mA-t2-3qbf-5cnf-20var-320cl__3qbf-5cnf-20var-320cl.8.qdimacs,/Users/mkhabour/Desktop/QBNF/qbf_transformer/mutants/qdimacs__Tacchella__mA-t2-3qbf-5cnf-20var-320cl__3qbf-5cnf-20var-320cl.8_blocked_clause_insertion_v1.qdimacs,True,True,UNSAT,UNSAT,0.11452612455468625,0.11805900000035763,1.030847769095552,UNSAT,UNSAT,0.0097957500256598,0.0104245210532099,1.0641881454613527,52.132187265292494,52.082116331469585,-0.050070933822908614,59.89135355364418,59.61973743775464,-0.27161611588954315
tautology_insertion,/Users/mkhabour/Desktop/QBNF/qbf_transformer/benchmarks/qdimacs__Tacchella__mA-t2-4qbf-5cnf-20var-160cl__4qbf-5cnf-20var-160cl.9.qdimacs,/Users/mkhabour/Desktop/QBNF/qbf_transformer/mutants/qdimacs__Tacchella__mA-t2-4qbf-5cnf-20var-160cl__4qbf-5cnf-20var-160cl.9_tautology_insertion.qdimacs,True,True,SAT,SAT,9.330071499978658,9.37349270802224,1.0046538987449005,SAT,SAT,0.09692281251773238,0.09697087499080226,1.0004958840114249,55.37845280814487,55.395143119419174,0.01669031127430287,62.682963633620034,62.682963633620034,0.0
universal_reduction_trigger,/Users/mkhabour/Desktop/QBNF/qbf_transformer/benchmarks/qdimacs__Tacchella__mA-t2-4qbf-5cnf-20var-160cl__4qbf-5cnf-20var-160cl.9.qdimacs,/Users/mkhabour/Desktop/QBNF/qbf_transformer/mutants/qdimacs__Tacchella__mA-t2-4qbf-5cnf-20var-160cl__4qbf-5cnf-20var-160cl.9_universal_reduction_trigger.qdimacs,True,True,SAT,SAT,9.319159354025032,9.344672520994209,1.0027377112033349,SAT,SAT,0.0974137710290961,0.14547120849601924,1.493333098177352,55.37845280814487,55.395143119419174,0.01669031127430287,62.682963633620034,62.682963633620034,0.0
blocked_clause_insertion,/Users/mkhabour/Desktop/QBNF/qbf_transformer/benchmarks/qdimacs__Tacchella__mA-t2-4qbf-5cnf-20var-160cl__4qbf-5cnf-20var-160cl.9.qdimacs,/Users/mkhabour/Desktop/QBNF/qbf_transformer/mutants/qdimacs__Tacchella__mA-t2-4qbf-5cnf-20var-160cl__4qbf-5cnf-20var-160cl.9_blocked_clause_insertion.qdimacs,True,True,SAT,SAT,9.35102010454284,9.343864041555207,0.9992347291624197,SAT,SAT,0.09752779151313007,0.1290976040181704,1.3237006807520102,55.37845280814487,55.4452140532421,0.0667612450972257,62.682963633620034,62.75841255470047,0.07544892108043655
blocked_clause_insertion_neg,/Users/mkhabour/Desktop/QBNF/qbf_transformer/benchmarks/qdimacs__Tacchella__mA-t2-4qbf-5cnf-20var-160cl__4qbf-5cnf-20var-160cl.9.qdimacs,/Users/mkhabour/Desktop/QBNF/qbf_transformer/mutants/qdimacs__Tacchella__mA-t2-4qbf-5cnf-20var-160cl__4qbf-5cnf-20var-160cl.9_blocked_clause_insertion_neg.qdimacs,True,True,SAT,SAT,9.319513458001893,10.15267543803202,1.089399729265347,SAT,SAT,0.09685487498063594,0.10830700001679361,1.1182400476842005,55.37845280814487,55.061336893933074,-0.3171159142117972,62.682963633620034,62.4113475177305,-0.27161611588953605
blocked_clause_insertion_v1,/Users/mkhabour/Desktop/QBNF/qbf_transformer/benchmarks/qdimacs__Tacchella__mA-t2-4qbf-5cnf-20var-160cl__4qbf-5cnf-20var-160cl.9.qdimacs,/Users/mkhabour/Desktop/QBNF/qbf_transformer/mutants/qdimacs__Tacchella__mA-t2-4qbf-5cnf-20var-160cl__4qbf-5cnf-20var-160cl.9_blocked_clause_insertion_v1.qdimacs,True,True,SAT,SAT,9.356380750483368,11.81377029203577,1.26264317443745,SAT,SAT,0.09705606242641807,0.08987312496174127,0.9259918722735897,55.37845280814487,55.36176249687057,-0.01669031127430287,62.682963633620034,62.65278406518787,-0.03017956843216041
tautology_insertion,/Users/mkhabour/Desktop/QBNF/qbf_transformer/benchmarks/qdimacs__Tacchella__mA-t2-4qbf-5cnf-20var-160cl__4qbf-5cnf-20var-160cl.9_000.qdimacs,/Users/mkhabour/Desktop/QBNF/qbf_transformer/mutants/qdimacs__Tacchella__mA-t2-4qbf-5cnf-20var-160cl__4qbf-5cnf-20var-160cl.9_000_tautology_insertion.qdimacs,True,True,SAT,SAT,9.331375520967413,9.33447102055652,1.0003317302558612,SAT,SAT,0.09693720802897587,0.09718649950809777,1.0025716799997724,55.37845280814487,55.395143119419174,0.01669031127430287,62.682963633620034,62.682963633620034,0.0
universal_reduction_trigger,/Users/mkhabour/Desktop/QBNF/qbf_transformer/benchmarks/qdimacs__Tacchella__mA-t2-4qbf-5cnf-20var-160cl__4qbf-5cnf-20var-160cl.9_000.qdimacs,/Users/mkhabour/Desktop/QBNF/qbf_transformer/mutants/qdimacs__Tacchella__mA-t2-4qbf-5cnf-20var-160cl__4qbf-5cnf-20var-160cl.9_000_universal_reduction_trigger.qdimacs,True,True,SAT,SAT,9.30938727100147,9.320920312427916,1.0012388614943941,SAT,SAT,0.09669870854122564,0.14410833298461512,1.4902818782029266,55.37845280814487,55.395143119419174,0.01669031127430287,62.682963633620034,62.682963633620034,0.0
blocked_clause_insertion,/Users/mkhabour/Desktop/QBNF/qbf_transformer/benchmarks/qdimacs__Tacchella__mA-t2-4qbf-5cnf-20var-160cl__4qbf-5cnf-20var-160cl.9_000.qdimacs,/Users/mkhabour/Desktop/QBNF/qbf_transformer/mutants/qdimacs__Tacchella__mA-t2-4qbf-5cnf-20var-160cl__4qbf-5cnf-20var-160cl.9_000_blocked_clause_insertion.qdimacs,True,True,SAT,SAT,9.342586833052337,9.378928625024855,1.003889906791548,SAT,SAT,0.09683999948902056,0.12710791698191315,1.312555944368053,55.37845280814487,55.4452140532421,0.0667612450972257,62.682963633620034,62.75841255470047,0.07544892108043655
blocked_clause_insertion_neg,/Users/mkhabour/Desktop/QBNF/qbf_transformer/benchmarks/qdimacs__Tacchella__mA-t2-4qbf-5cnf-20var-160cl__4qbf-5cnf-20var-160cl.9_000.qdimacs,/Users/mkhabour/Desktop/QBNF/qbf_transformer/mutants/qdimacs__Tacchella__mA-t2-4qbf-5cnf-20var-160cl__4qbf-5cnf-20var-160cl.9_000_blocked_clause_insertion_neg.qdimacs,True,True,SAT,SAT,9.328923000022769,10.152124832966365,1.0882418938329308,SAT,SAT,0.09682520851492882,0.10825164604466408,1.118010977771078,55.37845280814487,55.061336893933074,-0.3171159142117972,62.682963633620034,62.4113475177305,-0.27161611588953605
blocked_clause_insertion_v1,/Users/mkhabour/Desktop/QBNF/qbf_transformer/benchmarks/qdimacs__Tacchella__mA-t2-4qbf-5cnf-20var-160cl__4qbf-5cnf-20var-160cl.9_000.qdimacs,/Users/mkhabour/Desktop/QBNF/qbf_transformer/mutants/qdimacs__Tacchella__mA-t2-4qbf-5cnf-20var-160cl__4qbf-5cnf-20var-160cl.9_000_blocked_clause_insertion_v1.qdimacs,True,True,SAT,SAT,9.31006108346628,11.816816813021433,1.2692523397088011,SAT,SAT,0.0969094795291312,0.08986927103251219,0.9273527364833002,55.37845280814487,55.36176249687057,-0.01669031127430287,62.682963633620034,62.65278406518787,-0.03017956843216041
tautology_insertion,/Users/mkhabour/Desktop/QBNF/qbf_transformer/benchmarks/qdimacs__Tacchella__mA-t2-4qbf-5cnf-20var-40cl__4qbf-5cnf-20var-40cl.9.qdimacs,/Users/mkhabour/Desktop/QBNF/qbf_transformer/mutants/qdimacs__Tacchella__mA-t2-4qbf-5cnf-20var-40cl__4qbf-5cnf-20var-40cl.9_tautology_insertion.qdimacs,True,True,SAT,SAT,0.004216979548800737,0.004204791504889727,0.9971097692625813,SAT,SAT,0.0061675835167989135,0.00632966699777171,1.0262799004717686,25.911708253358924,25.92839856463323,0.016690311274306424,30.42100497962879,30.42100497962879,0.0
pure_literal_gen_auto,/Users/mkhabour/Desktop/QBNF/qbf_transformer/benchmarks/qdimacs__Tacchella__mA-t2-4qbf-5cnf-20var-40cl__4qbf-5cnf-20var-40cl.9.qdimacs,/Users/mkhabour/Desktop/QBNF/qbf_transformer/mutants/qdimacs__Tacchella__mA-t2-4qbf-5cnf-20var-40cl__4qbf-5cnf-20var-40cl.9_pure_literal_gen_auto.qdimacs,True,True,SAT,SAT,0.0042028960306197405,0.00415377103490755,0.9883116319427614,SAT,SAT,0.006176562455948442,0.006322166475001723,1.0235736334072125,25.911708253358924,25.102228156555118,-0.8094800968038065,30.42100497962879,29.817413610985362,-0.6035913686434284
pure_literal_gen_pos,/Users/mkhabour/Desktop/QBNF/qbf_transformer/benchmarks/qdimacs__Tacchella__mA-t2-4qbf-5cnf-20var-40cl__4qbf-5cnf-20var-40cl.9.qdimacs,/Users/mkhabour/Desktop/QBNF/qbf_transformer/mutants/qdimacs__Tacchella__mA-t2-4qbf-5cnf-20var-40cl__4qbf-5cnf-20var-40cl.9_pure_literal_gen_pos.qdimacs,True,True,SAT,SAT,0.004522249975707382,0.004322083492297679,0.9557374129061956,SAT,SAT,0.006300520559307188,0.006321166467387229,1.003276857504979,25.911708253358924,25.102228156555118,-0.8094800968038065,30.42100497962879,29.817413610985362,-0.6035913686434284
pure_literal_gen_neg,/Users/mkhabour/Desktop/QBNF/qbf_transformer/benchmarks/qdimacs__Tacchella__mA-t2-4qbf-5cnf-20var-40cl__4qbf-5cnf-20var-40cl.9.qdimacs,/Users/mkhabour/Desktop/QBNF/qbf_transformer/mutants/qdimacs__Tacchella__mA-t2-4qbf-5cnf-20var-40cl__4qbf-5cnf-20var-40cl.9_pure_literal_gen_neg.qdimacs,True,True,SAT,SAT,0.004186958016362041,0.004158125026151538,0.9931136185034987,SAT,SAT,0.006233333493582904,0.006407562526874244,1.0279511810928623,25.911708253358924,25.911708253358924,0.0,30.42100497962879,30.39082541119662,-0.030179568432171067
universal_reduction_trigger,/Users/mkhabour/Desktop/QBNF/qbf_transformer/benchmarks/qdimacs__Tacchella__mA-t2-4qbf-5cnf-20var-40cl__4qbf-5cnf-20var-40cl.9.qdimacs,/Users/mkhabour/Desktop/QBNF/qbf_transformer/mutants/qdimacs__Tacchella__mA-t2-4qbf-5cnf-20var-40cl__4qbf-5cnf-20var-40cl.9_universal_reduction_trigger.qdimacs,True,True,SAT,SAT,0.004214916494674981,0.004193249507807195,0.9948594505027184,SAT,SAT,0.006192791508510709,0.00635818752925843,1.026707829662991,25.911708253358924,25.92839856463323,0.016690311274306424,30.42100497962879,30.42100497962879,0.0
blocked_clause_insertion,/Users/mkhabour/Desktop/QBNF/qbf_transformer/benchmarks/qdimacs__Tacchella__mA-t2-4qbf-5cnf-20var-40cl__4qbf-5cnf-20var-40cl.9.qdimacs,/Users/mkhabour/Desktop/QBNF/qbf_transformer/mutants/qdimacs__Tacchella__mA-t2-4qbf-5cnf-20var-40cl__4qbf-5cnf-20var-40cl.9_blocked_clause_insertion.qdimacs,True,True,SAT,SAT,0.004331770993303508,0.004234395455569029,0.9775206173444968,SAT,SAT,0.006226353987585753,0.006172603985760361,0.9913673392273294,25.911708253358924,25.95343403154469,0.041725778185764284,30.42100497962879,30.42100497962879,0.0
blocked_clause_insertion_neg,/Users/mkhabour/Desktop/QBNF/qbf_transformer/benchmarks/qdimacs__Tacchella__mA-t2-4qbf-5cnf-20var-40cl__4qbf-5cnf-20var-40cl.9.qdimacs,/Users/mkhabour/Desktop/QBNF/qbf_transformer/mutants/qdimacs__Tacchella__mA-t2-4qbf-5cnf-20var-40cl__4qbf-5cnf-20var-40cl.9_blocked_clause_insertion_neg.qdimacs,True,True,SAT,SAT,0.004236478998791426,0.004247709002811462,1.0026507871331922,SAT,SAT,0.006214958033524454,0.006176458555273712,0.9938053518554639,25.911708253358924,25.89501794208462,-0.01669031127430287,30.42100497962879,30.39082541119662,-0.030179568432171067
blocked_clause_insertion_v1,/Users/mkhabour/Desktop/QBNF/qbf_transformer/benchmarks/qdimacs__Tacchella__mA-t2-4qbf-5cnf-20var-40cl__4qbf-5cnf-20var-40cl.9.qdimacs,/Users/mkhabour/Desktop/QBNF/qbf_transformer/mutants/qdimacs__Tacchella__mA-t2-4qbf-5cnf-20var-40cl__4qbf-5cnf-20var-40cl.9_blocked_clause_insertion_v1.qdimacs,True,True,SAT,SAT,0.004203375021461397,0.0043061464675702155,1.024449744689468,SAT,SAT,0.006563354516401887,0.006256187043618411,0.9531996219287162,25.911708253358924,25.903363097721773,-0.008345155637151436,30.42100497962879,30.39082541119662,-0.030179568432171067
tautology_insertion,/Users/mkhabour/Desktop/QBNF/qbf_transformer/benchmarks/qdimacs__Tacchella__mA-t2-4qbf-5cnf-20var-80cl__4qbf-5cnf-20var-80cl.1.qdimacs,/Users/mkhabour/Desktop/QBNF/qbf_transformer/mutants/qdimacs__Tacchella__mA-t2-4qbf-5cnf-20var-80cl__4qbf-5cnf-20var-80cl.1_tautology_insertion.qdimacs,True,True,SAT,SAT,0.004983562452252954,0.004992979054804891,1.0018895323660848,SAT,SAT,0.006163375044707209,0.005986021016724408,0.9712245276822633,33.856296419928235,33.87298673120254,0.01669031127430287,40.078466877923645,40.078466877923645,0.0
pure_literal_gen_auto,/Users/mkhabour/Desktop/QBNF/qbf_transformer/benchmarks/qdimacs__Tacchella__mA-t2-4qbf-5cnf-20var-80cl__4qbf-5cnf-20var-80cl.1.qdimacs,/Users/mkhabour/Desktop/QBNF/qbf_transformer/mutants/qdimacs__Tacchella__mA-t2-4qbf-5cnf-20var-80cl__4qbf-5cnf-20var-80cl.1_pure_literal_gen_auto.qdimacs,True,True,SAT,SAT,0.004852312442380935,0.00474545854376629,0.9779787678795445,SAT,SAT,0.005936979025136679,0.005993938015308231,1.009593934883447,33.856296419928235,33.83126095301677,-0.025035466911461413,40.078466877923645,40.04828730949148,-0.030179568432167514
pure_literal_gen_pos,/Users/mkhabour/Desktop/QBNF/qbf_transformer/benchmarks/qdimacs__Tacchella__mA-t2-4qbf-5cnf-20var-80cl__4qbf-5cnf-20var-80cl.1.qdimacs,/Users/mkhabour/Desktop/QBNF/qbf_transformer/mutants/qdimacs__Tacchella__mA-t2-4qbf-5cnf-20var-80cl__4qbf-5cnf-20var-80cl.1_pure_literal_gen_pos.qdimacs,True,True,SAT,SAT,0.004789312544744462,0.004787271493114531,0.9995738320247713,SAT,SAT,0.005923458491452038,0.00594395847292617,1.003460812885532,33.856296419928235,33.83126095301677,-0.025035466911461413,40.078466877923645,40.04828730949148,-0.030179568432167514
pure_literal_gen_neg,/Users/mkhabour/Desktop/QBNF/qbf_transformer/benchmarks/qdimacs__Tacchella__mA-t2-4qbf-5cnf-20var-80cl__4qbf-5cnf-20var-80cl.1.qdimacs,/Users/mkhabour/Desktop/QBNF/qbf_transformer/mutants/qdimacs__Tacchella__mA-t2-4qbf-5cnf-20var-80cl__4qbf-5cnf-20var-80cl.1_pure_literal_gen_neg.qdimacs,True,True,SAT,SAT,0.0048312084982171655,0.004734979069326073,0.9800817064867716,SAT,SAT,0.005934479006100446,0.005824688065331429,0.9814994811412838,33.856296419928235,33.81457064174247,-0.041725778185764284,40.078466877923645,40.04828730949148,-0.030179568432167514
universal_reduction_trigger,/Users/mkhabour/Desktop/QBNF/qbf_transformer/benchmarks/qdimacs__Tacchella__mA-t2-4qbf-5cnf-20var-80cl__4qbf-5cnf-20var-80cl.1.qdimacs,/Users/mkhabour/Desktop/QBNF/qbf_transformer/mutants/qdimacs__Tacchella__mA-t2-4qbf-5cnf-20var-80cl__4qbf-5cnf-20var-80cl.1_universal_reduction_trigger.qdimacs,True,True,SAT,SAT,0.0049116460140794516,0.004749520972836763,0.9669917089346524,SAT,SAT,0.00584889599122107,0.005920041992794722,1.0121640052550838,33.856296419928235,33.87298673120254,0.01669031127430287,40.078466877923645,40.078466877923645,0.0
blocked_clause_insertion,/Users/mkhabour/Desktop/QBNF/qbf_transformer/benchmarks/qdimacs__Tacchella__mA-t2-4qbf-5cnf-20var-80cl__4qbf-5cnf-20var-80cl.1.qdimacs,/Users/mkhabour/Desktop/QBNF/qbf_transformer/mutants/qdimacs__Tacchella__mA-t2-4qbf-5cnf-20var-80cl__4qbf-5cnf-20var-80cl.1_blocked_clause_insertion.qdimacs,True,True,SAT,SAT,0.00488812499679625,0.0048269999679178,0.9874951993006496,SAT,SAT,0.005900583462789655,0.006111145426984876,1.035684939552685,33.856296419928235,33.839606108653925,-0.016690311274309977,40.078466877923645,40.04828730949148,-0.030179568432167514
blocked_clause_insertion_neg,/Users/mkhabour/Desktop/QBNF/qbf_transformer/benchmarks/qdimacs__Tacchella__mA-t2-4qbf-5cnf-20var-80cl__4qbf-5cnf-20var-80cl.1.qdimacs,/Users/mkhabour/Desktop/QBNF/qbf_transformer/mutants/qdimacs__Tacchella__mA-t2-4qbf-5cnf-20var-80cl__4qbf-5cnf-20var-80cl.1_blocked_clause_insertion_neg.qdimacs,True,True,SAT,SAT,0.004851979028899223,0.0047287914785556495,0.9746108650491178,SAT,SAT,0.005974229075945914,0.005935082968790084,0.9934475048314696,33.856296419928235,33.839606108653925,-0.016690311274309977,40.078466877923645,40.04828730949148,-0.030179568432167514
blocked_clause_insertion_v1,/Users/mkhabour/Desktop/QBNF/qbf_transformer/benchmarks/qdimacs__Tacchella__mA-t2-4qbf-5cnf-20var-80cl__4qbf-5cnf-20var-80cl.1.qdimacs,/Users/mkhabour/Desktop/QBNF/qbf_transformer/mutants/qdimacs__Tacchella__mA-t2-4qbf-5cnf-20var-80cl__4qbf-5cnf-20var-80cl.1_blocked_clause_insertion_v1.qdimacs,True,True,SAT,SAT,0.004856457991991192,0.004781229014042765,0.9845094968241282,SAT,SAT,0.005918041511904448,0.0059733749949373305,1.0093499653426858,33.856296419928235,33.847951264291076,-0.008345155637158541,40.078466877923645,40.04828730949148,-0.030179568432167514
tautology_insertion,/Users/mkhabour/Desktop/QBNF/qbf_transformer/benchmarks/qdimacs__Tacchella__mA-t2-4qbf-5cnf-20var-80cl__4qbf-5cnf-20var-80cl.2.qdimacs,/Users/mkhabour/Desktop/QBNF/qbf_transformer/mutants/qdimacs__Tacchella__mA-t2-4qbf-5cnf-20var-80cl__4qbf-5cnf-20var-80cl.2_tautology_insertion.qdimacs,True,True,SAT,SAT,0.0048565835459157825,0.004699541954323649,0.9676641840694371,SAT,SAT,0.0059145414270460606,0.0059250834747217596,1.0017823947647897,33.238754902778936,33.25544521405324,0.01669031127430287,39.701222272521505,39.701222272521505,0.0
pure_literal_gen_auto,/Users/mkhabour/Desktop/QBNF/qbf_transformer/benchmarks/qdimacs__Tacchella__mA-t2-4qbf-5cnf-20var-80cl__4qbf-5cnf-20var-80cl.2.qdimacs,/Users/mkhabour/Desktop/QBNF/qbf_transformer/mutants/qdimacs__Tacchella__mA-t2-4qbf-5cnf-20var-80cl__4qbf-5cnf-20var-80cl.2_pure_literal_gen_auto.qdimacs,True,True,SAT,SAT,0.004871708049904555,0.0047043749946169555,0.9656520765256289,SAT,SAT,0.0059214995126239955,0.005910479056183249,0.9981389078193366,33.238754902778936,33.20537428023032,-0.03338062254861285,39.701222272521505,39.65595291987324,-0.04526935264826193
pure_literal_gen_pos,/Users/mkhabour/Desktop/QBNF/qbf_transformer/benchmarks/qdimacs__Tacchella__mA-t2-4qbf-5cnf-20var-80cl__4qbf-5cnf-20var-80cl.2.qdimacs,/Users/mkhabour/Desktop/QBNF/qbf_transformer/mutants/qdimacs__Tacchella__mA-t2-4qbf-5cnf-20var-80cl__4qbf-5cnf-20var-80cl.2_pure_literal_gen_pos.qdimacs,True,True,SAT,SAT,0.004811396007426083,0.004696999967563897,0.9762239400611334,SAT,SAT,0.006004520459100604,0.005685125011950731,0.9468075012275479,33.238754902778936,33.35558708169907,0.11683217892013431,39.701222272521505,39.77667119360193,0.07544892108042234
pure_literal_gen_neg,/Users/mkhabour/Desktop/QBNF/qbf_transformer/benchmarks/qdimacs__Tacchella__mA-t2-4qbf-5cnf-20var-80cl__4qbf-5cnf-20var-80cl.2.qdimacs,/Users/mkhabour/Desktop/QBNF/qbf_transformer/mutants/qdimacs__Tacchella__mA-t2-4qbf-5cnf-20var-80cl__4qbf-5cnf-20var-80cl.2_pure_literal_gen_neg.qdimacs,True,True,SAT,SAT,0.004867062496487051,0.004879666958004236,1.0025897472091807,SAT,SAT,0.005946791032329202,0.005904624529648572,0.9929093686912159,33.238754902778936,33.20537428023032,-0.03338062254861285,39.701222272521505,39.65595291987324,-0.04526935264826193
universal_reduction_trigger,/Users/mkhabour/Desktop/QBNF/qbf_transformer/benchmarks/qdimacs__Tacchella__mA-t2-4qbf-5cnf-20var-80cl__4qbf-5cnf-20var-80cl.2.qdimacs,/Users/mkhabour/Desktop/QBNF/qbf_transformer/mutants/qdimacs__Tacchella__mA-t2-4qbf-5cnf-20var-80cl__4qbf-5cnf-20var-80cl.2_universal_reduction_trigger.qdimacs,True,True,SAT,SAT,0.00481718749506399,0.00474466651212424,0.9849453684304255,SAT,SAT,0.006048583483789116,0.005944125005044043,0.9827300922563054,33.238754902778936,33.25544521405324,0.01669031127430287,39.701222272521505,39.701222272521505,0.0
blocked_clause_insertion,/Users/mkhabour/Desktop/QBNF/qbf_transformer/benchmarks/qdimacs__Tacchella__mA-t2-4qbf-5cnf-20var-80cl__4qbf-5cnf-20var-80cl.2.qdimacs,/Users/mkhabour/Desktop/QBNF/qbf_transformer/mutants/qdimacs__Tacchella__mA-t2-4qbf-5cnf-20var-80cl__4qbf-5cnf-20var-80cl.2_blocked_clause_insertion.qdimacs,True,True,SAT,SAT,0.004784937540534884,0.004817333014216274,1.0067703023094778,SAT,SAT,0.006076249934267253,0.006117666547652334,1.0068161471027568,33.238754902778936,35.708920971376116,2.4701660685971802,39.701222272521505,42.583371057793876,2.8821487852723706
blocked_clause_insertion_neg,/Users/mkhabour/Desktop/QBNF/qbf_transformer/benchmarks/qdimacs__Tacchella__mA-t2-4qbf-5cnf-20var-80cl__4qbf-5cnf-20var-80cl.2.qdimacs,/Users/mkhabour/Desktop/QBNF/qbf_transformer/mutants/qdimacs__Tacchella__mA-t2-4qbf-5cnf-20var-80cl__4qbf-5cnf-20var-80cl.2_blocked_clause_insertion_neg.qdimacs,True,True,SAT,SAT,0.0048399585066363215,0.004728812491521239,0.9770357504175533,SAT,SAT,0.00620052102021873,0.006340187508612871,1.0225249600700836,33.238754902778936,33.22206459150463,-0.01669031127430287,39.701222272521505,39.67104270408933,-0.03017956843217462
blocked_clause_insertion_v1,/Users/mkhabour/Desktop/QBNF/qbf_transformer/benchmarks/qdimacs__Tacchella__mA-t2-4qbf-5cnf-20var-80cl__4qbf-5cnf-20var-80cl.2.qdimacs,/Users/mkhabour/Desktop/QBNF/qbf_transformer/mutants/qdimacs__Tacchella__mA-t2-4qbf-5cnf-20var-80cl__4qbf-5cnf-20var-80cl.2_blocked_clause_insertion_v1.qdimacs,True,True,SAT,SAT,0.0048108750488609076,0.004935875011142343,1.0259827912826447,SAT,SAT,0.006078333011828363,0.006229791441000998,1.024917757694075,33.238754902778936,33.22206459150463,-0.01669031127430287,39.701222272521505,39.67104270408933,-0.03017956843217462
tautology_insertion,/Users/mkhabour/Desktop/QBNF/qbf_transformer/benchmarks/qdimacs__Tacchella__mA-t2-4qbf-5cnf-20var-80cl__4qbf-5cnf-20var-80cl.8.qdimacs,/Users/mkhabour/Desktop/QBNF/qbf_transformer/mutants/qdimacs__Tacchella__mA-t2-4qbf-5cnf-20var-80cl__4qbf-5cnf-20var-80cl.8_tautology_insertion.qdimacs,True,True,SAT,SAT,0.004972208524122834,0.004855770559515804,0.9765822442799558,SAT,SAT,0.005999999993946403,0.006069749942980707,1.011624991517446,33.32220645915046,33.33889677042477,0.016690311274309977,39.53523464614456,39.53523464614456,0.0
pure_literal_gen_auto,/Users/mkhabour/Desktop/QBNF/qbf_transformer/benchmarks/qdimacs__Tacchella__mA-t2-4qbf-5cnf-20var-80cl__4qbf-5cnf-20var-80cl.8.qdimacs,/Users/mkhabour/Desktop/QBNF/qbf_transformer/mutants/qdimacs__Tacchella__mA-t2-4qbf-5cnf-20var-80cl__4qbf-5cnf-20var-80cl.8_pure_literal_gen_auto.qdimacs,True,True,SAT,SAT,0.005093521031085402,0.004817437496967614,0.9457971151129307,SAT,SAT,0.006026624992955476,0.0060417294735088944,1.0025062917588325,33.32220645915046,33.22206459150463,-0.10014186764582433,39.53523464614456,39.39942658819979,-0.13580805794477158
pure_literal_gen_pos,/Users/mkhabour/Desktop/QBNF/qbf_transformer/benchmarks/qdimacs__Tacchella__mA-t2-4qbf-5cnf-20var-80cl__4qbf-5cnf-20var-80cl.8.qdimacs,/Users/mkhabour/Desktop/QBNF/qbf_transformer/mutants/qdimacs__Tacchella__mA-t2-4qbf-5cnf-20var-80cl__4qbf-5cnf-20var-80cl.8_pure_literal_gen_pos.qdimacs,True,True,SAT,SAT,0.004909833543933928,0.004785417055245489,0.9746597338636551,SAT,SAT,0.006059020466636866,0.006075146025978029,1.0026614135783094,33.32220645915046,33.22206459150463,-0.10014186764582433,39.53523464614456,39.39942658819979,-0.13580805794477158
pure_literal_gen_neg,/Users/mkhabour/Desktop/QBNF/qbf_transformer/benchmarks/qdimacs__Tacchella__mA-t2-4qbf-5cnf-20var-80cl__4qbf-5cnf-20var-80cl.8.qdimacs,/Users/mkhabour/Desktop/QBNF/qbf_transformer/mutants/qdimacs__Tacchella__mA-t2-4qbf-5cnf-20var-80cl__4qbf-5cnf-20var-80cl.8_pure_literal_gen_neg.qdimacs,True,True,SAT,SAT,0.004959083453286439,0.004770645929966122,0.9620015422012231,SAT,SAT,0.006066541012842208,0.00567749998299405,0.9358710294672696,33.32220645915046,33.01343570057582,-0.30877075857463865,39.53523464614456,39.1730798249585,-0.3621548211860599
universal_reduction_trigger,/Users/mkhabour/Desktop/QBNF/qbf_transformer/benchmarks/qdimacs__Tacchella__mA-t2-4qbf-5cnf-20var-80cl__4qbf-5cnf-20var-80cl.8.qdimacs,/Users/mkhabour/Desktop/QBNF/qbf_transformer/mutants/qdimacs__Tacchella__mA-t2-4qbf-5cnf-20var-80cl__4qbf-5cnf-20var-80cl.8_universal_reduction_trigger.qdimacs,True,True,SAT,SAT,0.00487981247715652,0.004804416501428932,0.9845494112569831,SAT,SAT,0.006010437500663102,0.006089229485951364,1.0131091930129161,33.32220645915046,33.33889677042477,0.016690311274309977,39.53523464614456,39.53523464614456,0.0
blocked_clause_insertion,/Users/mkhabour/Desktop/QBNF/qbf_transformer/benchmarks/qdimacs__Tacchella__mA-t2-4qbf-5cnf-20var-80cl__4qbf-5cnf-20var-80cl.8.qdimacs,/Users/mkhabour/Desktop/QBNF/qbf_transformer/mutants/qdimacs__Tacchella__mA-t2-4qbf-5cnf-20var-80cl__4qbf-5cnf-20var-80cl.8_blocked_clause_insertion.qdimacs,True,True,SAT,SAT,0.004863459034822881,0.004798187525011599,0.9865792002474101,SAT,SAT,0.006099416990764439,0.006052749988157302,0.9923489404515549,33.32220645915046,33.313861303513306,-0.008345155637151436,39.53523464614456,39.505055077712385,-0.03017956843217462
blocked_clause_insertion_neg,/Users/mkhabour/Desktop/QBNF/qbf_transformer/benchmarks/qdimacs__Tacchella__mA-t2-4qbf-5cnf-20var-80cl__4qbf-5cnf-20var-80cl.8.qdimacs,/Users/mkhabour/Desktop/QBNF/qbf_transformer/mutants/qdimacs__Tacchella__mA-t2-4qbf-5cnf-20var-80cl__4qbf-5cnf-20var-80cl.8_blocked_clause_insertion_neg.qdimacs,True,True,SAT,SAT,0.004841811954975128,0.004807437479030341,0.9929004933970089,SAT,SAT,0.006029896496329457,0.006111041468102485,1.013457108562713,33.32220645915046,33.305516147876155,-0.01669031127430287,39.53523464614456,39.505055077712385,-0.03017956843217462
blocked_clause_insertion_v1,/Users/mkhabour/Desktop/QBNF/qbf_transformer/benchmarks/qdimacs__Tacchella__mA-t2-4qbf-5cnf-20var-80cl__4qbf-5cnf-20var-80cl.8.qdimacs,/Users/mkhabour/Desktop/QBNF/qbf_transformer/mutants/qdimacs__Tacchella__mA-t2-4qbf-5cnf-20var-80cl__4qbf-5cnf-20var-80cl.8_blocked_clause_insertion_v1.qdimacs,True,True,SAT,SAT,0.004972145485226065,0.004851895966567099,0.9758153660193033,SAT,SAT,0.006038583000190556,0.0060323544894345105,0.9989685476285001,33.32220645915046,33.305516147876155,-0.01669031127430287,39.53523464614456,39.505055077712385,-0.03017956843217462
tautology_insertion,/Users/mkhabour/Desktop/QBNF/qbf_transformer/benchmarks/qdimacs__Tacchella__mA-t2-4qbf-5cnf-20var-80cl__4qbf-5cnf-20var-80cl.8_005.qdimacs,/Users/mkhabour/Desktop/QBNF/qbf_transformer/mutants/qdimacs__Tacchella__mA-t2-4qbf-5cnf-20var-80cl__4qbf-5cnf-20var-80cl.8_005_tautology_insertion.qdimacs,True,True,SAT,SAT,0.004860020999331027,0.0050167705048806965,1.032252845321295,SAT,SAT,0.006267083052080125,0.006354916491545737,1.0140150431605433,33.32220645915046,33.33889677042477,0.016690311274309977,39.53523464614456,39.53523464614456,0.0
pure_literal_gen_auto,/Users/mkhabour/Desktop/QBNF/qbf_transformer/benchmarks/qdimacs__Tacchella__mA-t2-4qbf-5cnf-20var-80cl__4qbf-5cnf-20var-80cl.8_005.qdimacs,/Users/mkhabour/Desktop/QBNF/qbf_transformer/mutants/qdimacs__Tacchella__mA-t2-4qbf-5cnf-20var-80cl__4qbf-5cnf-20var-80cl.8_005_pure_literal_gen_auto.qdimacs,True,True,SAT,SAT,0.005045125028118491,0.004826291464269161,0.9566247491133156,SAT,SAT,0.006064645480364561,0.006174270994961262,1.0180761620694292,33.32220645915046,33.22206459150463,-0.10014186764582433,39.53523464614456,39.39942658819979,-0.13580805794477158
pure_literal_gen_pos,/Users/mkhabour/Desktop/QBNF/qbf_transformer/benchmarks/qdimacs__Tacchella__mA-t2-4qbf-5cnf-20var-80cl__4qbf-5cnf-20var-80cl.8_005.qdimacs,/Users/mkhabour/Desktop/QBNF/qbf_transformer/mutants/qdimacs__Tacchella__mA-t2-4qbf-5cnf-20var-80cl__4qbf-5cnf-20var-80cl.8_005_pure_literal_gen_pos.qdimacs,True,True,SAT,SAT,0.004964458465110511,0.0047960210358724,0.9660713388133138,SAT,SAT,0.006134354451205581,0.006072146003134549,0.9898590065888991,33.32220645915046,33.22206459150463,-0.10014186764582433,39.53523464614456,39.39942658819979,-0.13580805794477158
pure_literal_gen_neg,/Users/mkhabour/Desktop/QBNF/qbf_transformer/benchmarks/qdimacs__Tacchella__mA-t2-4qbf-5cnf-20var-80cl__4qbf-5cnf-20var-80cl.8_005.qdimacs,/Users/mkhabour/Desktop/QBNF/qbf_transformer/mutants/qdimacs__Tacchella__mA-t2-4qbf-5cnf-20var-80cl__4qbf-5cnf-20var-80cl.8_005_pure_literal_gen_neg.qdimacs,True,True,SAT,SAT,0.004972999508026987,0.004767083504702896,0.9585931985330545,SAT,SAT,0.0060813334421254694,0.005642500007525086,0.9278392742682751,33.32220645915046,33.01343570057582,-0.30877075857463865,39.53523464614456,39.1730798249585,-0.3621548211860599
universal_reduction_trigger,/Users/mkhabour/Desktop/QBNF/qbf_transformer/benchmarks/qdimacs__Tacchella__mA-t2-4qbf-5cnf-20var-80cl__4qbf-5cnf-20var-80cl.8_005.qdimacs,/Users/mkhabour/Desktop/QBNF/qbf_transformer/mutants/qdimacs__Tacchella__mA-t2-4qbf-5cnf-20var-80cl__4qbf-5cnf-20var-80cl.8_005_universal_reduction_trigger.qdimacs,True,True,SAT,SAT,0.0049817285616882145,0.004827167023904622,0.9689743156678101,SAT,SAT,0.0060669585363939404,0.006139188015367836,1.0119053852998354,33.32220645915046,33.33889677042477,0.016690311274309977,39.53523464614456,39.53523464614456,0.0
blocked_clause_insertion,/Users/mkhabour/Desktop/QBNF/qbf_transformer/benchmarks/qdimacs__Tacchella__mA-t2-4qbf-5cnf-20var-80cl__4qbf-5cnf-20var-80cl.8_005.qdimacs,/Users/mkhabour/Desktop/QBNF/qbf_transformer/mutants/qdimacs__Tacchella__mA-t2-4qbf-5cnf-20var-80cl__4qbf-5cnf-20var-80cl.8_005_blocked_clause_insertion.qdimacs,True,True,SAT,SAT,0.005074125016108155,0.004870562523137778,0.9598822472201307,SAT,SAT,0.006105061969719827,0.0061121045728214085,1.001153567832155,33.32220645915046,33.313861303513306,-0.008345155637151436,39.53523464614456,39.505055077712385,-0.03017956843217462
blocked_clause_insertion_neg,/Users/mkhabour/Desktop/QBNF/qbf_transformer/benchmarks/qdimacs__Tacchella__mA-t2-4qbf-5cnf-20var-80cl__4qbf-5cnf-20var-80cl.8_005.qdimacs,/Users/mkhabour/Desktop/QBNF/qbf_transformer/mutants/qdimacs__Tacchella__mA-t2-4qbf-5cnf-20var-80cl__4qbf-5cnf-20var-80cl.8_005_blocked_clause_insertion_neg.qdimacs,True,True,SAT,SAT,0.004966020991560072,0.004851729026995599,0.9769852030914256,SAT,SAT,0.006131021014880389,0.006092458497732878,0.9937102617893631,33.32220645915046,33.305516147876155,-0.01669031127430287,39.53523464614456,39.505055077712385,-0.03017956843217462
blocked_clause_insertion_v1,/Users/mkhabour/Desktop/QBNF/qbf_transformer/benchmarks/qdimacs__Tacchella__mA-t2-4qbf-5cnf-20var-80cl__4qbf-5cnf-20var-80cl.8_005.qdimacs,/Users/mkhabour/Desktop/QBNF/qbf_transformer/mutants/qdimacs__Tacchella__mA-t2-4qbf-5cnf-20var-80cl__4qbf-5cnf-20var-80cl.8_005_blocked_clause_insertion_v1.qdimacs,True,True,SAT,SAT,0.0049385204911231995,0.004843687987886369,0.9807973858957783,SAT,SAT,0.006147979001980275,0.006153521011583507,1.0009014360005861,33.32220645915046,33.305516147876155,-0.01669031127430287,39.53523464614456,39.505055077712385,-0.03017956843217462
tautology_insertion,/Users/mkhabour/Desktop/QBNF/qbf_transformer/benchmarks/qdimacs__Tacchella__mA-t2-5qbf-5cnf-20var-320cl__5qbf-5cnf-20var-320cl.8.qdimacs,/Users/mkhabour/Desktop/QBNF/qbf_transformer/mutants/qdimacs__Tacchella__mA-t2-5qbf-5cnf-20var-320cl__5qbf-5cnf-20var-320cl.8_tautology_insertion.qdimacs,True,True,UNSAT,UNSAT,0.05549654155038297,0.05567212501773611,1.0031638632326976,UNSAT,UNSAT,0.021355229488108307,0.02132970851380378,0.9988049309271653,49.002753901360265,49.01944421263457,0.01669031127430287,56.25471555756752,56.25471555756752,0.0
universal_reduction_trigger,/Users/mkhabour/Desktop/QBNF/qbf_transformer/benchmarks/qdimacs__Tacchella__mA-t2-5qbf-5cnf-20var-320cl__5qbf-5cnf-20var-320cl.8.qdimacs,/Users/mkhabour/Desktop/QBNF/qbf_transformer/mutants/qdimacs__Tacchella__mA-t2-5qbf-5cnf-20var-320cl__5qbf-5cnf-20var-320cl.8_universal_reduction_trigger.qdimacs,True,True,UNSAT,UNSAT,0.055646999971941113,0.0561472920817323,1.0089904596841421,UNSAT,UNSAT,0.021441770484670997,0.0246655005030334,1.150348126367041,49.002753901360265,49.01944421263457,0.01669031127430287,56.25471555756752,56.25471555756752,0.0
blocked_clause_insertion,/Users/mkhabour/Desktop/QBNF/qbf_transformer/benchmarks/qdimacs__Tacchella__mA-t2-5qbf-5cnf-20var-320cl__5qbf-5cnf-20var-320cl.8.qdimacs,/Users/mkhabour/Desktop/QBNF/qbf_transformer/mutants/qdimacs__Tacchella__mA-t2-5qbf-5cnf-20var-320cl__5qbf-5cnf-20var-320cl.8_blocked_clause_insertion.qdimacs,True,True,UNSAT,UNSAT,0.054410228971391916,0.06425052095437422,1.180853713888177,UNSAT,UNSAT,0.02091531251790002,0.026042978512123227,1.245163250122836,49.002753901360265,49.1195860802804,0.11683217892013431,56.25471555756752,56.37543383129622,0.12071827372869848
blocked_clause_insertion_neg,/Users/mkhabour/Desktop/QBNF/qbf_transformer/benchmarks/qdimacs__Tacchella__mA-t2-5qbf-5cnf-20var-320cl__5qbf-5cnf-20var-320cl.8.qdimacs,/Users/mkhabour/Desktop/QBNF/qbf_transformer/mutants/qdimacs__Tacchella__mA-t2-5qbf-5cnf-20var-320cl__5qbf-5cnf-20var-320cl.8_blocked_clause_insertion_neg.qdimacs,True,True,UNSAT,UNSAT,0.05476620851550251,0.05489156302064657,1.0022889023823618,UNSAT,UNSAT,0.02135227102553472,0.02156066650059074,1.00975987401091,49.002753901360265,48.986063590085955,-0.016690311274309977,56.25471555756752,56.22453598913536,-0.03017956843216041
blocked_clause_insertion_v1,/Users/mkhabour/Desktop/QBNF/qbf_transformer/benchmarks/qdimacs__Tacchella__mA-t2-5qbf-5cnf-20var-320cl__5qbf-5cnf-20var-320cl.8.qdimacs,/Users/mkhabour/Desktop/QBNF/qbf_transformer/mutants/qdimacs__Tacchella__mA-t2-5qbf-5cnf-20var-320cl__5qbf-5cnf-20var-320cl.8_blocked_clause_insertion_v1.qdimacs,True,True,UNSAT,UNSAT,0.05517424951540306,0.05479314597323537,0.993092728120184,UNSAT,UNSAT,0.021090208552777767,0.030564417073037475,1.4492230836196198,49.002753901360265,49.01944421263457,0.01669031127430287,56.25471555756752,56.25471555756752,0.0
tautology_insertion,/Users/mkhabour/Desktop/QBNF/qbf_transformer/benchmarks/qdimacs__Tacchella__mA-t2-5qbf-5cnf-20var-320cl__5qbf-5cnf-20var-320cl.8_009.qdimacs,/Users/mkhabour/Desktop/QBNF/qbf_transformer/mutants/qdimacs__Tacchella__mA-t2-5qbf-5cnf-20var-320cl__5qbf-5cnf-20var-320cl.8_009_tautology_insertion.qdimacs,True,True,UNSAT,UNSAT,0.054634312517009676,0.05456152051920071,0.9986676505211574,UNSAT,UNSAT,0.02097627054899931,0.02096572902519256,0.9994974548129456,49.002753901360265,49.01944421263457,0.01669031127430287,56.25471555756752,56.25471555756752,0.0
universal_reduction_trigger,/Users/mkhabour/Desktop/QBNF/qbf_transformer/benchmarks/qdimacs__Tacchella__mA-t2-5qbf-5cnf-20var-320cl__5qbf-5cnf-20var-320cl.8_009.qdimacs,/Users/mkhabour/Desktop/QBNF/qbf_transformer/mutants/qdimacs__Tacchella__mA-t2-5qbf-5cnf-20var-320cl__5qbf-5cnf-20var-320cl.8_009_universal_reduction_trigger.qdimacs,True,True,UNSAT,UNSAT,0.05517327104462311,0.054686395451426506,0.9911755169853383,UNSAT,UNSAT,0.020889833045657724,0.024443103990051895,1.1700957081192553,49.002753901360265,49.01944421263457,0.01669031127430287,56.25471555756752,56.25471555756752,0.0
blocked_clause_insertion,/Users/mkhabour/Desktop/QBNF/qbf_transformer/benchmarks/qdimacs__Tacchella__mA-t2-5qbf-5cnf-20var-320cl__5qbf-5cnf-20var-320cl.8_009.qdimacs,/Users/mkhabour/Desktop/QBNF/qbf_transformer/mutants/qdimacs__Tacchella__mA-t2-5qbf-5cnf-20var-320cl__5qbf-5cnf-20var-320cl.8_009_blocked_clause_insertion.qdimacs,True,True,UNSAT,UNSAT,0.05560045805759728,0.0668552290298976,1.20242227070578,UNSAT,UNSAT,0.021274874976370484,0.026391083549242467,1.2404812521133233,49.002753901360265,49.1195860802804,0.11683217892013431,56.25471555756752,56.37543383129622,0.12071827372869848
blocked_clause_insertion_neg,/Users/mkhabour/Desktop/QBNF/qbf_transformer/benchmarks/qdimacs__Tacchella__mA-t2-5qbf-5cnf-20var-320cl__5qbf-5cnf-20var-320cl.8_009.qdimacs,/Users/mkhabour/Desktop/QBNF/qbf_transformer/mutants/qdimacs__Tacchella__mA-t2-5qbf-5cnf-20var-320cl__5qbf-5cnf-20var-320cl.8_009_blocked_clause_insertion_neg.qdimacs,True,True,UNSAT,UNSAT,0.05635847907979041,0.05645847896812484,1.0017743539209574,UNSAT,UNSAT,0.021213770553003997,0.02191445796051994,1.0330298381310965,49.002753901360265,48.986063590085955,-0.016690311274309977,56.25471555756752,56.22453598913536,-0.03017956843216041
blocked_clause_insertion_v1,/Users/mkhabour/Desktop/QBNF/qbf_transformer/benchmarks/qdimacs__Tacchella__mA-t2-5qbf-5cnf-20var-320cl__5qbf-5cnf-20var-320cl.8_009.qdimacs,/Users/mkhabour/Desktop/QBNF/qbf_transformer/mutants/qdimacs__Tacchella__mA-t2-5qbf-5cnf-20var-320cl__5qbf-5cnf-20var-320cl.8_009_blocked_clause_insertion_v1.qdimacs,True,True,UNSAT,UNSAT,0.05586481251521036,0.05561845802003518,0.9955901669748178,UNSAT,UNSAT,0.021031395997852087,0.03063658345490694,1.456707080121349,49.002753901360265,49.01944421263457,0.01669031127430287,56.25471555756752,56.25471555756752,0.0
tautology_insertion,/Users/mkhabour/Desktop/QBNF/qbf_transformer/benchmarks/qdimacs__Tentrup__toy__cnt3y.sat.qdimacs,/Users/mkhabour/Desktop/QBNF/qbf_transformer/mutants/qdimacs__Tentrup__toy__cnt3y.sat_tautology_insertion.qdimacs,True,True,SAT,SAT,0.0056444170186296105,0.005399437504820526,0.9565979067456354,SAT,SAT,0.004895207937806845,0.004905396024696529,1.0020812367971133,45.45606275557039,45.489443378119006,0.03338062254861285,52.01448619284744,52.04466576127962,0.03017956843217462
universal_reduction_trigger,/Users/mkhabour/Desktop/QBNF/qbf_transformer/benchmarks/qdimacs__Tentrup__toy__cnt3y.sat.qdimacs,/Users/mkhabour/Desktop/QBNF/qbf_transformer/mutants/qdimacs__Tentrup__toy__cnt3y.sat_universal_reduction_trigger.qdimacs,True,True,SAT,SAT,0.005609041545540094,0.005406791460700333,0.9639421310757493,SAT,SAT,0.004929375019855797,0.004908770497422665,0.9958200537897531,45.45606275557039,45.489443378119006,0.03338062254861285,52.01448619284744,52.04466576127962,0.03017956843217462
blocked_clause_insertion,/Users/mkhabour/Desktop/QBNF/qbf_transformer/benchmarks/qdimacs__Tentrup__toy__cnt3y.sat.qdimacs,/Users/mkhabour/Desktop/QBNF/qbf_transformer/mutants/qdimacs__Tentrup__toy__cnt3y.sat_blocked_clause_insertion.qdimacs,True,True,SAT,SAT,0.005667646008078009,0.005491479008924216,0.9689170779362888,SAT,SAT,0.004984291503205895,0.004905999987386167,0.9842923481162024,45.45606275557039,45.472753066844696,0.01669031127430287,52.01448619284744,52.02957597706352,0.015089784216080204
blocked_clause_insertion_neg,/Users/mkhabour/Desktop/QBNF/qbf_transformer/benchmarks/qdimacs__Tentrup__toy__cnt3y.sat.qdimacs,/Users/mkhabour/Desktop/QBNF/qbf_transformer/mutants/qdimacs__Tentrup__toy__cnt3y.sat_blocked_clause_insertion_neg.qdimacs,True,True,SAT,SAT,0.0055575830629095435,0.005539146019145846,0.996682542832919,SAT,SAT,0.0050329374498687685,0.005004957958590239,0.9944407234230065,45.45606275557039,45.52282400066761,0.06676124509721859,52.01448619284744,52.10502489814396,0.09053870529651675
blocked_clause_insertion_v1,/Users/mkhabour/Desktop/QBNF/qbf_transformer/benchmarks/qdimacs__Tentrup__toy__cnt3y.sat.qdimacs,/Users/mkhabour/Desktop/QBNF/qbf_transformer/mutants/qdimacs__Tentrup__toy__cnt3y.sat_blocked_clause_insertion_v1.qdimacs,True,True,SAT,SAT,0.005596562521532178,0.005478624487295747,0.9789267012058425,SAT,SAT,0.004954958043526858,0.0050429169787094,1.0177517013080364,45.45606275557039,45.45606275557039,0.0,52.01448619284744,52.01448619284744,0.0
tautology_insertion,/Users/mkhabour/Desktop/QBNF/qbf_transformer/benchmarks/qdimacs__Tentrup__toy__cnt3y.sat_006.qdimacs,/Users/mkhabour/Desktop/QBNF/qbf_transformer/mutants/qdimacs__Tentrup__toy__cnt3y.sat_006_tautology_insertion.qdimacs,True,True,SAT,SAT,0.005585937469732016,0.005469478492159396,0.979151399706197,SAT,SAT,0.005012999987229705,0.005199374980293214,1.0371783350365624,45.45606275557039,45.489443378119006,0.03338062254861285,52.01448619284744,52.04466576127962,0.03017956843217462
universal_reduction_trigger,/Users/mkhabour/Desktop/QBNF/qbf_transformer/benchmarks/qdimacs__Tentrup__toy__cnt3y.sat_006.qdimacs,/Users/mkhabour/Desktop/QBNF/qbf_transformer/mutants/qdimacs__Tentrup__toy__cnt3y.sat_006_universal_reduction_trigger.qdimacs,True,True,SAT,SAT,0.005843104445375502,0.005557916476391256,0.9511923889688543,SAT,SAT,0.005044437479227781,0.00504041655221954,0.9992028988316737,45.45606275557039,45.489443378119006,0.03338062254861285,52.01448619284744,52.04466576127962,0.03017956843217462
blocked_clause_insertion,/Users/mkhabour/Desktop/QBNF/qbf_transformer/benchmarks/qdimacs__Tentrup__toy__cnt3y.sat_006.qdimacs,/Users/mkhabour/Desktop/QBNF/qbf_transformer/mutants/qdimacs__Tentrup__toy__cnt3y.sat_006_blocked_clause_insertion.qdimacs,True,True,SAT,SAT,0.005685187003109604,0.005544313054997474,0.9752208769852114,SAT,SAT,0.005082812451291829,0.00493120844475925,0.9701732047000773,45.45606275557039,45.472753066844696,0.01669031127430287,52.01448619284744,52.02957597706352,0.015089784216080204
blocked_clause_insertion_neg,/Users/mkhabour/Desktop/QBNF/qbf_transformer/benchmarks/qdimacs__Tentrup__toy__cnt3y.sat_006.qdimacs,/Users/mkhabour/Desktop/QBNF/qbf_transformer/mutants/qdimacs__Tentrup__toy__cnt3y.sat_006_blocked_clause_insertion_neg.qdimacs,True,True,SAT,SAT,0.005703228933271021,0.005591874534729868,0.9804752010056018,SAT,SAT,0.005049166502431035,0.004968249995727092,0.9839742843368339,45.45606275557039,45.52282400066761,0.06676124509721859,52.01448619284744,52.10502489814396,0.09053870529651675
blocked_clause_insertion_v1,/Users/mkhabour/Desktop/QBNF/qbf_transformer/benchmarks/qdimacs__Tentrup__toy__cnt3y.sat_006.qdimacs,/Users/mkhabour/Desktop/QBNF/qbf_transformer/mutants/qdimacs__Tentrup__toy__cnt3y.sat_006_blocked_clause_insertion_v1.qdimacs,True,True,SAT,SAT,0.005724353948608041,0.005612979468423873,0.9805437467382236,SAT,SAT,0.005043791490606964,0.005005312559660524,0.9923710305990843,45.45606275557039,45.45606275557039,0.0,52.01448619284744,52.01448619284744,0.0
tautology_insertion,/Users/mkhabour/Desktop/QBNF/qbf_transformer/benchmarks/qdimacs__Tentrup__toy__cnt3y.unsat.qdimacs,/Users/mkhabour/Desktop/QBNF/qbf_transformer/mutants/qdimacs__Tentrup__toy__cnt3y.unsat_tautology_insertion.qdimacs,True,True,UNSAT,UNSAT,0.004921437473967671,0.004871896002441645,0.9899335363320005,UNSAT,UNSAT,0.004794458043761551,0.00474620854947716,0.9899364028542971,44.145873320537426,44.17925394308604,0.03338062254861285,50.92802172928928,50.95820129772144,0.03017956843216041
universal_reduction_trigger,/Users/mkhabour/Desktop/QBNF/qbf_transformer/benchmarks/qdimacs__Tentrup__toy__cnt3y.unsat.qdimacs,/Users/mkhabour/Desktop/QBNF/qbf_transformer/mutants/qdimacs__Tentrup__toy__cnt3y.unsat_universal_reduction_trigger.qdimacs,True,True,UNSAT,UNSAT,0.004908791510388255,0.004871062468737364,0.9923139857190824,UNSAT,UNSAT,0.00477479153778404,0.0047823754721321166,1.0015883278438573,44.145873320537426,44.17925394308604,0.03338062254861285,50.92802172928928,50.95820129772144,0.03017956843216041
blocked_clause_insertion,/Users/mkhabour/Desktop/QBNF/qbf_transformer/benchmarks/qdimacs__Tentrup__toy__cnt3y.unsat.qdimacs,/Users/mkhabour/Desktop/QBNF/qbf_transformer/mutants/qdimacs__Tentrup__toy__cnt3y.unsat_blocked_clause_insertion.qdimacs,True,True,UNSAT,UNSAT,0.004915645462460816,0.004886437498498708,0.9940581630255559,UNSAT,UNSAT,0.0047473335289396346,0.004731271008495241,0.9966165173888718,44.145873320537426,44.19594425436034,0.05007093382291572,50.92802172928928,50.95820129772144,0.03017956843216041
blocked_clause_insertion_neg,/Users/mkhabour/Desktop/QBNF/qbf_transformer/benchmarks/qdimacs__Tentrup__toy__cnt3y.unsat.qdimacs,/Users/mkhabour/Desktop/QBNF/qbf_transformer/mutants/qdimacs__Tentrup__toy__cnt3y.unsat_blocked_clause_insertion_neg.qdimacs,True,True,UNSAT,UNSAT,0.0049933334812521935,0.004903207998722792,0.9819508384793878,UNSAT,UNSAT,0.004814062500372529,0.004735124937724322,0.9836027133752213,44.145873320537426,44.229324876908954,0.08345155637152857,50.92802172928928,51.033650218801874,0.10562848951259696
blocked_clause_insertion_v1,/Users/mkhabour/Desktop/QBNF/qbf_transformer/benchmarks/qdimacs__Tentrup__toy__cnt3y.unsat.qdimacs,/Users/mkhabour/Desktop/QBNF/qbf_transformer/mutants/qdimacs__Tentrup__toy__cnt3y.unsat_blocked_clause_insertion_v1.qdimacs,True,True,UNSAT,UNSAT,0.004967187473084778,0.004865916562266648,0.979612021618496,UNSAT,UNSAT,0.004815541498828679,0.00478616647887975,0.9938999549778411,44.145873320537426,44.145873320537426,0.0,50.92802172928928,50.92802172928928,0.0
tautology_insertion,/Users/mkhabour/Desktop/QBNF/qbf_transformer/benchmarks/qdimacs__Tentrup__toy__mv2y.sat.qdimacs,/Users/mkhabour/Desktop/QBNF/qbf_transformer/mutants/qdimacs__Tentrup__toy__mv2y.sat_tautology_insertion.qdimacs,True,True,SAT,SAT,0.0051083125290460885,0.005086729011964053,0.9957748244729917,SAT,SAT,0.004801625036634505,0.0047969165607355535,0.9990193995026626,48.218309271467916,48.25168989401652,0.03338062254860574,55.304059151954135,55.334238720386296,0.03017956843216041
universal_reduction_trigger,/Users/mkhabour/Desktop/QBNF/qbf_transformer/benchmarks/qdimacs__Tentrup__toy__mv2y.sat.qdimacs,/Users/mkhabour/Desktop/QBNF/qbf_transformer/mutants/qdimacs__Tentrup__toy__mv2y.sat_universal_reduction_trigger.qdimacs,True,True,SAT,SAT,0.005204124958254397,0.005039999494329095,0.9684624283156426,SAT,SAT,0.004783208423759788,0.0047431670245714486,0.9916287571769943,48.218309271467916,48.25168989401652,0.03338062254860574,55.304059151954135,55.334238720386296,0.03017956843216041
blocked_clause_insertion,/Users/mkhabour/Desktop/QBNF/qbf_transformer/benchmarks/qdimacs__Tentrup__toy__mv2y.sat.qdimacs,/Users/mkhabour/Desktop/QBNF/qbf_transformer/mutants/qdimacs__Tentrup__toy__mv2y.sat_blocked_clause_insertion.qdimacs,True,True,SAT,SAT,0.0050628334865905344,0.0050492919981479645,0.9973253142773832,SAT,SAT,0.004766832978930324,0.004733812529593706,0.9930728746984485,48.218309271467916,48.23499958274222,0.01669031127430287,55.304059151954135,55.319148936170215,0.015089784216080204
blocked_clause_insertion_neg,/Users/mkhabour/Desktop/QBNF/qbf_transformer/benchmarks/qdimacs__Tentrup__toy__mv2y.sat.qdimacs,/Users/mkhabour/Desktop/QBNF/qbf_transformer/mutants/qdimacs__Tentrup__toy__mv2y.sat_blocked_clause_insertion_neg.qdimacs,True,True,SAT,SAT,0.0052420004503801465,0.005199417006224394,0.9918764897945279,SAT,SAT,0.004886791459284723,0.004961874568834901,1.0153645004448721,48.218309271467916,48.31010598347659,0.0917967120086729,55.304059151954135,55.40968764146673,0.10562848951259696
blocked_clause_insertion_v1,/Users/mkhabour/Desktop/QBNF/qbf_transformer/benchmarks/qdimacs__Tentrup__toy__mv2y.sat.qdimacs,/Users/mkhabour/Desktop/QBNF/qbf_transformer/mutants/qdimacs__Tentrup__toy__mv2y.sat_blocked_clause_insertion_v1.qdimacs,True,True,SAT,SAT,0.005349249928258359,0.00510839547496289,0.954974163382587,SAT,SAT,0.004806311975698918,0.004823771014343947,1.0036325229684013,48.218309271467916,48.218309271467916,0.0,55.304059151954135,55.304059151954135,0.0
tautology_insertion,/Users/mkhabour/Desktop/QBNF/qbf_transformer/benchmarks/qdimacs__Tentrup__toy__mvs2n.sat.qdimacs,/Users/mkhabour/Desktop/QBNF/qbf_transformer/mutants/qdimacs__Tentrup__toy__mvs2n.sat_tautology_insertion.qdimacs,True,True,SAT,SAT,0.006057166552636772,0.005805125052575022,0.9583895377695973,SAT,SAT,0.0050136459758505225,0.0049253960605710745,0.9823980560844292,48.13485771509639,48.168238337645,0.03338062254861285,55.334238720386296,55.36441828881847,0.03017956843217462
universal_reduction_trigger,/Users/mkhabour/Desktop/QBNF/qbf_transformer/benchmarks/qdimacs__Tentrup__toy__mvs2n.sat.qdimacs,/Users/mkhabour/Desktop/QBNF/qbf_transformer/mutants/qdimacs__Tentrup__toy__mvs2n.sat_universal_reduction_trigger.qdimacs,True,True,SAT,SAT,0.005915458023082465,0.005755208490882069,0.9729100381449597,SAT,SAT,0.004888666502665728,0.004911333438940346,1.0046366296948785,48.13485771509639,48.168238337645,0.03338062254861285,55.334238720386296,55.36441828881847,0.03017956843217462
blocked_clause_insertion,/Users/mkhabour/Desktop/QBNF/qbf_transformer/benchmarks/qdimacs__Tentrup__toy__mvs2n.sat.qdimacs,/Users/mkhabour/Desktop/QBNF/qbf_transformer/mutants/qdimacs__Tentrup__toy__mvs2n.sat_blocked_clause_insertion.qdimacs,True,True,SAT,SAT,0.005932854546699673,0.005758895538747311,0.970678700011425,SAT,SAT,0.004867916984949261,0.004889208008535206,1.0043737441808833,48.13485771509639,48.15154802637069,0.01669031127430287,55.334238720386296,55.34932850460238,0.01508978421608731
blocked_clause_insertion_neg,/Users/mkhabour/Desktop/QBNF/qbf_transformer/benchmarks/qdimacs__Tentrup__toy__mvs2n.sat.qdimacs,/Users/mkhabour/Desktop/QBNF/qbf_transformer/mutants/qdimacs__Tentrup__toy__mvs2n.sat_blocked_clause_insertion_neg.qdimacs,True,True,SAT,SAT,0.005943958065472543,0.0057871880126185715,0.9736253097469475,SAT,SAT,0.004796895489562303,0.004882041423115879,1.0177502165179224,48.13485771509639,48.15154802637069,0.01669031127430287,55.334238720386296,55.34932850460238,0.01508978421608731
blocked_clause_insertion_v1,/Users/mkhabour/Desktop/QBNF/qbf_transformer/benchmarks/qdimacs__Tentrup__toy__mvs2n.sat.qdimacs,/Users/mkhabour/Desktop/QBNF/qbf_transformer/mutants/qdimacs__Tentrup__toy__mvs2n.sat_blocked_clause_insertion_v1.qdimacs,True,True,SAT,SAT,0.006058396480511874,0.005765166541095823,0.9515994140761028,SAT,SAT,0.00488339556613937,0.004939875099807978,1.0115656274212612,48.13485771509639,48.13485771509639,0.0,55.334238720386296,55.334238720386296,0.0
tautology_insertion,/Users/mkhabour/Desktop/QBNF/qbf_transformer/benchmarks/qdimacs__Wintersteiger__HardwareFixpoint__small-bug1-fixpoint-4.qdimacs,/Users/mkhabour/Desktop/QBNF/qbf_transformer/mutants/qdimacs__Wintersteiger__HardwareFixpoint__small-bug1-fixpoint-4_tautology_insertion.qdimacs,True,True,SAT,SAT,0.0052991670672781765,0.005182686960324645,0.9780191668851537,SAT,SAT,0.12656697898637503,0.1268051874358207,1.001882074229419,45.030459818075606,45.06384044062422,0.03338062254861285,51.78813942960616,51.81831899803833,0.030179568432167514
universal_reduction_trigger,/Users/mkhabour/Desktop/QBNF/qbf_transformer/benchmarks/qdimacs__Wintersteiger__HardwareFixpoint__small-bug1-fixpoint-4.qdimacs,/Users/mkhabour/Desktop/QBNF/qbf_transformer/mutants/qdimacs__Wintersteiger__HardwareFixpoint__small-bug1-fixpoint-4_universal_reduction_trigger.qdimacs,True,True,SAT,SAT,0.005244624975603074,0.005172229488380253,0.9861962509122025,SAT,SAT,0.12708095845300704,0.12471524998545647,0.9813842412242635,45.030459818075606,45.06384044062422,0.03338062254861285,51.78813942960616,51.81831899803833,0.030179568432167514
blocked_clause_insertion,/Users/mkhabour/Desktop/QBNF/qbf_transformer/benchmarks/qdimacs__Wintersteiger__HardwareFixpoint__small-bug1-fixpoint-4.qdimacs,/Users/mkhabour/Desktop/QBNF/qbf_transformer/mutants/qdimacs__Wintersteiger__HardwareFixpoint__small-bug1-fixpoint-4_blocked_clause_insertion.qdimacs,True,True,SAT,SAT,0.00517262500943616,0.005142666515894234,0.9942082610884658,SAT,SAT,0.1277000000118278,0.13259124947944656,1.0383026583176642,45.030459818075606,45.06384044062422,0.03338062254861285,51.78813942960616,51.81831899803833,0.030179568432167514
blocked_clause_insertion_neg,/Users/mkhabour/Desktop/QBNF/qbf_transformer/benchmarks/qdimacs__Wintersteiger__HardwareFixpoint__small-bug1-fixpoint-4.qdimacs,/Users/mkhabour/Desktop/QBNF/qbf_transformer/mutants/qdimacs__Wintersteiger__HardwareFixpoint__small-bug1-fixpoint-4_blocked_clause_insertion_neg.qdimacs,True,True,SAT,SAT,0.0053593129850924015,0.005185520451050252,0.9675718633105446,SAT,SAT,0.12736583355581388,0.12854027043795213,1.009220972762869,45.030459818075606,45.030459818075606,0.0,51.78813942960616,51.78813942960616,0.0
blocked_clause_insertion_v1,/Users/mkhabour/Desktop/QBNF/qbf_transformer/benchmarks/qdimacs__Wintersteiger__HardwareFixpoint__small-bug1-fixpoint-4.qdimacs,/Users/mkhabour/Desktop/QBNF/qbf_transformer/mutants/qdimacs__Wintersteiger__HardwareFixpoint__small-bug1-fixpoint-4_blocked_clause_insertion_v1.qdimacs,True,True,SAT,SAT,0.005275812465697527,0.0052372500649653375,0.9926907180679913,SAT,SAT,0.1281267500598915,0.1271833954961039,0.9926373332395724,45.030459818075606,45.06384044062422,0.03338062254861285,51.78813942960616,51.81831899803833,0.030179568432167514
