This is pdfTeX, Version 3.141592653-2.6-1.40.27 (TeX Live 2025) (preloaded format=pdflatex 2025.5.13)  18 MAY 2026 03:24
entering extended mode
 restricted \write18 enabled.
 file:line:error style messages enabled.
 %&-line parsing enabled.
**/Users/mkhabour/Desktop/QBNF/qbf_transformer/thesis-template/thesis/main
(/Users/mkhabour/Desktop/QBNF/qbf_transformer/thesis-template/thesis/main.tex
LaTeX2e <2024-11-01> patch level 2
L3 programming layer <2025-01-18>
(/usr/local/texlive/2025/texmf-dist/tex/latex/koma-script/scrbook.cls
Document Class: scrbook 2024/10/24 v3.43 KOMA-Script document class (book)
(/usr/local/texlive/2025/texmf-dist/tex/latex/koma-script/scrkbase.sty
Package: scrkbase 2024/10/24 v3.43 KOMA-Script package (KOMA-Script-dependent basics and keyval usage)
 (/usr/local/texlive/2025/texmf-dist/tex/latex/koma-script/scrbase.sty
Package: scrbase 2024/10/24 v3.43 KOMA-Script package (KOMA-Script-independent basics and keyval usage)
 (/usr/local/texlive/2025/texmf-dist/tex/latex/koma-script/scrlfile.sty
Package: scrlfile 2024/10/24 v3.43 KOMA-Script package (file load hooks)
 (/usr/local/texlive/2025/texmf-dist/tex/latex/koma-script/scrlfile-hook.sty
Package: scrlfile-hook 2024/10/24 v3.43 KOMA-Script package (using LaTeX hooks)
 (/usr/local/texlive/2025/texmf-dist/tex/latex/koma-script/scrlogo.sty
Package: scrlogo 2024/10/24 v3.43 KOMA-Script package (logo)
))) (/usr/local/texlive/2025/texmf-dist/tex/latex/graphics/keyval.sty
Package: keyval 2022/05/29 v1.15 key=value parser (DPC)
\KV@toks@=\toks17
)
Applying: [2021/05/01] Usage of raw or classic option list on input line 254.
Already applied: [0000/00/00] Usage of raw or classic option list on input line 370.
)) (/usr/local/texlive/2025/texmf-dist/tex/latex/koma-script/tocbasic.sty
Package: tocbasic 2024/10/24 v3.43 KOMA-Script package (handling toc-files)
\scr@dte@tocline@numberwidth=\skip49
\scr@dte@tocline@numbox=\box52
)
Package tocbasic Info: omitting babel extension for `toc'
(tocbasic)             because of feature `nobabel' available
(tocbasic)             for `toc' on input line 137.
Package scrbook Info: You've used standard option `11pt'.
(scrbook)             This is correct!
(scrbook)             Internally I'm using `fontsize=11pt'.
(scrbook)             If you'd like to set the option with \KOMAoptions,
(scrbook)             you'd have to use `fontsize=11pt' there
(scrbook)             instead of `11pt', too.
Class scrbook Info: You've used standard option `oneside'.
(scrbook)           This is correct!
(scrbook)           Internally I'm using `twoside=false'.
(scrbook)           If you'd like to set the option with \KOMAoptions,
(scrbook)           you'd have to use `twoside=false' there
(scrbook)           instead of `oneside', too.
Class scrbook Info: You've used standard option `onecolumn'.
(scrbook)           This is correct!
(scrbook)           Internally I'm using `twocolumn=false'.
(scrbook)           If you'd like to set the option with \KOMAoptions,
(scrbook)           you'd have to use `twocolumn=false' there
(scrbook)           instead of `onecolumn', too.
Class scrbook Info: You've used standard option `openany'.
(scrbook)           This is correct!
(scrbook)           Internally I'm using `open=any'.
(scrbook)           If you'd like to set the option with \KOMAoptions,
(scrbook)           you'd have to use `open=any' there
(scrbook)           instead of `openany', too.
 (/usr/local/texlive/2025/texmf-dist/tex/latex/base/fleqn.clo
File: fleqn.clo 2016/12/29 v1.2b Standard LaTeX option (flush left equations)
\mathindent=\skip50
Applying: [2015/01/01] Make \[ robust on input line 50.
LaTeX Info: Redefining \[ on input line 51.
Already applied: [0000/00/00] Make \[ robust on input line 62.
Applying: [2015/01/01] Make \] robust on input line 74.
LaTeX Info: Redefining \] on input line 75.
Already applied: [0000/00/00] Make \] robust on input line 83.
)
Class scrbook Info: File `scrsize11pt.clo' used to setup font sizes on input line 2716.
 (/usr/local/texlive/2025/texmf-dist/tex/latex/koma-script/scrsize11pt.clo
File: scrsize11pt.clo 2024/10/24 v3.43 KOMA-Script font size class option (11pt)
) (/usr/local/texlive/2025/texmf-dist/tex/latex/koma-script/typearea.sty
Package: typearea 2024/10/24 v3.43 KOMA-Script package (type area)
\ta@bcor=\skip51
\ta@div=\count196
Package typearea Info: You've used standard option `a4paper'.
(typearea)             This is correct!
(typearea)             Internally I'm using `paper=a4'.
(typearea)             If you'd like to set the option with \KOMAoptions,
(typearea)             you'd have to use `paper=a4' there
(typearea)             instead of `a4paper', too.
Package typearea Info: You've used standard option `oneside'.
(typearea)             This is correct!
(typearea)             Internally I'm using `twoside=false'.
(typearea)             If you'd like to set the option with \KOMAoptions,
(typearea)             you'd have to use `twoside=false' there
(typearea)             instead of `oneside', too.
Package typearea Info: You've used standard option `onecolumn'.
(typearea)             This is correct!
(typearea)             Internally I'm using `twocolumn=false'.
(typearea)             If you'd like to set the option with \KOMAoptions,
(typearea)             you'd have to use `twocolumn=false' there
(typearea)             instead of `onecolumn', too.
\ta@hblk=\skip52
\ta@vblk=\skip53
\ta@temp=\skip54
\footheight=\skip55
Package typearea Info: These are the values describing the layout:
(typearea)             DIV  = 12
(typearea)             BCOR = 28.45274pt
(typearea)             \paperwidth      = 597.50793pt
(typearea)              \textwidth      = 426.7914pt
(typearea)              DIV departure   = -8%
(typearea)              \evensidemargin = 27.31465pt
(typearea)              \oddsidemargin  = 27.31465pt
(typearea)             \paperheight     = 845.04694pt
(typearea)              \textheight     = 568.60025pt
(typearea)              \topmargin      = -1.84941pt
(typearea)              \headheight     = 45.5244pt
(typearea)              \headsep        = 20.40001pt
(typearea)              \topskip        = 11.0pt
(typearea)              \footskip       = 47.6pt
(typearea)              \baselineskip   = 13.6pt
(typearea)              on input line 1802.
)
\c@part=\count197
\c@chapter=\count198
\c@section=\count199
\c@subsection=\count266
\c@subsubsection=\count267
\c@paragraph=\count268
\c@subparagraph=\count269
\scr@dte@chapter@maxnumwidth=\skip56
Class scrbook Info: using compatibility default `afterindent=bysign'
(scrbook)           for `\chapter on input line 6016.
\scr@dte@section@maxnumwidth=\skip57
Class scrbook Info: using compatibility default `runin=bysign'
(scrbook)           for `\section on input line 6027.
Class scrbook Info: using compatibility default `afterindent=bysign'
(scrbook)           for `\section on input line 6027.
\scr@dte@part@maxnumwidth=\skip58
Class scrbook Info: using compatibility default `afterindent=true'
(scrbook)           for `\part on input line 6036.
\scr@dte@subsection@maxnumwidth=\skip59
Class scrbook Info: using compatibility default `runin=bysign'
(scrbook)           for `\subsection on input line 6046.
Class scrbook Info: using compatibility default `afterindent=bysign'
(scrbook)           for `\subsection on input line 6046.
\scr@dte@subsubsection@maxnumwidth=\skip60
Class scrbook Info: using compatibility default `runin=bysign'
(scrbook)           for `\subsubsection on input line 6056.
Class scrbook Info: using compatibility default `afterindent=bysign'
(scrbook)           for `\subsubsection on input line 6056.
\scr@dte@paragraph@maxnumwidth=\skip61
Class scrbook Info: using compatibility default `runin=bysign'
(scrbook)           for `\paragraph on input line 6067.
Class scrbook Info: using compatibility default `afterindent=bysign'
(scrbook)           for `\paragraph on input line 6067.
\scr@dte@subparagraph@maxnumwidth=\skip62
Class scrbook Info: using compatibility default `runin=bysign'
(scrbook)           for `\subparagraph on input line 6077.
Class scrbook Info: using compatibility default `afterindent=bysign'
(scrbook)           for `\subparagraph on input line 6077.
\abovecaptionskip=\skip63
\belowcaptionskip=\skip64
\c@pti@nb@sid@b@x=\box53
Package tocbasic Info: omitting babel extension for `lof'
(tocbasic)             because of feature `nobabel' available
(tocbasic)             for `lof' on input line 7271.
\scr@dte@figure@maxnumwidth=\skip65
\c@figure=\count270
Package tocbasic Info: omitting babel extension for `lot'
(tocbasic)             because of feature `nobabel' available
(tocbasic)             for `lot' on input line 7288.
\scr@dte@table@maxnumwidth=\skip66
\c@table=\count271
Class scrbook Info: Redefining `\numberline' on input line 7459.
\bibindent=\dimen141
) (/usr/local/texlive/2025/texmf-dist/tex/latex/base/inputenc.sty
Package: inputenc 2024/02/08 v1.3d Input encoding file
\inpenc@prehook=\toks18
\inpenc@posthook=\toks19
) (./config.tex

LaTeX Warning: Writing or overwriting file `main.xmpdata'.

\openout15 = `main.xmpdata'.


) (/usr/local/texlive/2025/texmf-dist/tex/latex/pdfpages/pdfpages.sty
Package: pdfpages 2025/01/30 v0.6e Insert pages of external PDF documents (AM)
 (/usr/local/texlive/2025/texmf-dist/tex/latex/base/ifthen.sty
Package: ifthen 2024/03/16 v1.1e Standard LaTeX ifthen package (DPC)
) (/usr/local/texlive/2025/texmf-dist/tex/latex/tools/calc.sty
Package: calc 2023/07/08 v4.3 Infix arithmetic (KKT,FJ)
\calc@Acount=\count272
\calc@Bcount=\count273
\calc@Adimen=\dimen142
\calc@Bdimen=\dimen143
\calc@Askip=\skip67
\calc@Bskip=\skip68
LaTeX Info: Redefining \setlength on input line 80.
LaTeX Info: Redefining \addtolength on input line 81.
\calc@Ccount=\count274
\calc@Cskip=\skip69
) (/usr/local/texlive/2025/texmf-dist/tex/latex/eso-pic/eso-pic.sty
Package: eso-pic 2023/05/03 v3.0c eso-pic (RN)
\ESO@tempdima=\dimen144
\ESO@tempdimb=\dimen145
 (/usr/local/texlive/2025/texmf-dist/tex/latex/xcolor/xcolor.sty
Package: xcolor 2024/09/29 v3.02 LaTeX color extensions (UK)
 (/usr/local/texlive/2025/texmf-dist/tex/latex/graphics-cfg/color.cfg
File: color.cfg 2016/01/02 v1.6 sample color configuration
)
Package xcolor Info: Driver file: pdftex.def on input line 274.
 (/usr/local/texlive/2025/texmf-dist/tex/latex/graphics-def/pdftex.def
File: pdftex.def 2024/04/13 v1.2c Graphics/color driver for pdftex
) (/usr/local/texlive/2025/texmf-dist/tex/latex/graphics/mathcolor.ltx)
Package xcolor Info: Model `cmy' substituted by `cmy0' on input line 1349.
Package xcolor Info: Model `hsb' substituted by `rgb' on input line 1353.
Package xcolor Info: Model `RGB' extended on input line 1365.
Package xcolor Info: Model `HTML' substituted by `rgb' on input line 1367.
Package xcolor Info: Model `Hsb' substituted by `hsb' on input line 1368.
Package xcolor Info: Model `tHsb' substituted by `hsb' on input line 1369.
Package xcolor Info: Model `HSB' substituted by `hsb' on input line 1370.
Package xcolor Info: Model `Gray' substituted by `gray' on input line 1371.
Package xcolor Info: Model `wave' substituted by `hsb' on input line 1372.
) (/usr/local/texlive/2025/texmf-dist/tex/latex/colortbl/colortbl.sty
Package: colortbl 2024/07/06 v1.0i Color table columns (DPC)
 (/usr/local/texlive/2025/texmf-dist/tex/latex/tools/array.sty
Package: array 2024/10/17 v2.6g Tabular extension package (FMi)
\col@sep=\dimen146
\ar@mcellbox=\box54
\extrarowheight=\dimen147
\NC@list=\toks20
\extratabsurround=\skip70
\backup@length=\skip71
\ar@cellbox=\box55
)
\everycr=\toks21
\minrowclearance=\skip72
\rownum=\count275
)) (/usr/local/texlive/2025/texmf-dist/tex/latex/etoolbox/etoolbox.sty
Package: etoolbox 2025/02/11 v2.5l e-TeX tools for LaTeX (JAW)
\etb@tempcnta=\count276
) (/usr/local/texlive/2025/texmf-dist/tex/latex/graphics/graphicx.sty
Package: graphicx 2021/09/16 v1.2d Enhanced LaTeX Graphics (DPC,SPQR)
 (/usr/local/texlive/2025/texmf-dist/tex/latex/graphics/graphics.sty
Package: graphics 2024/08/06 v1.4g Standard LaTeX Graphics (DPC,SPQR)
 (/usr/local/texlive/2025/texmf-dist/tex/latex/graphics/trig.sty
Package: trig 2023/12/02 v1.11 sin cos tan (DPC)
) (/usr/local/texlive/2025/texmf-dist/tex/latex/graphics-cfg/graphics.cfg
File: graphics.cfg 2016/06/04 v1.11 sample graphics configuration
)
Package graphics Info: Driver file: pdftex.def on input line 106.
)
\Gin@req@height=\dimen148
\Gin@req@width=\dimen149
)
\AM@pagewidth=\dimen150
\AM@pageheight=\dimen151
\AM@fboxrule=\dimen152
 (/usr/local/texlive/2025/texmf-dist/tex/latex/pdfpages/pppdftex.def
File: pppdftex.def 2025/01/30 v0.6e Pdfpages driver for pdfTeX (AM)
)
\pdfpages@includegraphics@status=\count277
\AM@pagebox=\box56
\AM@global@opts=\toks22
\AM@pagecnt=\count278
\AM@toc@title=\toks23
\AM@lof@heading=\toks24
\c@AM@survey=\count279
\AM@templatesizebox=\box57
) (/usr/local/texlive/2025/texmf-dist/tex/latex/base/fontenc.sty
Package: fontenc 2021/04/29 v2.0v Standard LaTeX package
 (/usr/local/texlive/2025/texmf-dist/tex/latex/cyrillic/t2aenc.def
File: t2aenc.def 2023/11/07 v1.0k Cyrillic encoding definition file
Now handling font encoding T2A ...
... processing UTF-8 mapping file for font encoding T2A
 (/usr/local/texlive/2025/texmf-dist/tex/latex/base/t2aenc.dfu
File: t2aenc.dfu 2022/06/07 v1.3c UTF-8 support
   defining Unicode char U+00A4 (decimal 164)
   defining Unicode char U+00A7 (decimal 167)
   defining Unicode char U+00AB (decimal 171)
   defining Unicode char U+00BB (decimal 187)
   defining Unicode char U+0131 (decimal 305)
   defining Unicode char U+0237 (decimal 567)
   defining Unicode char U+0400 (decimal 1024)
   defining Unicode char U+0401 (decimal 1025)
   defining Unicode char U+0402 (decimal 1026)
   defining Unicode char U+0403 (decimal 1027)
   defining Unicode char U+0404 (decimal 1028)
   defining Unicode char U+0405 (decimal 1029)
   defining Unicode char U+0406 (decimal 1030)
   defining Unicode char U+0407 (decimal 1031)
   defining Unicode char U+0408 (decimal 1032)
   defining Unicode char U+0409 (decimal 1033)
   defining Unicode char U+040A (decimal 1034)
   defining Unicode char U+040B (decimal 1035)
   defining Unicode char U+040C (decimal 1036)
   defining Unicode char U+040D (decimal 1037)
   defining Unicode char U+040E (decimal 1038)
   defining Unicode char U+040F (decimal 1039)
   defining Unicode char U+0410 (decimal 1040)
   defining Unicode char U+0411 (decimal 1041)
   defining Unicode char U+0412 (decimal 1042)
   defining Unicode char U+0413 (decimal 1043)
   defining Unicode char U+0414 (decimal 1044)
   defining Unicode char U+0415 (decimal 1045)
   defining Unicode char U+0416 (decimal 1046)
   defining Unicode char U+0417 (decimal 1047)
   defining Unicode char U+0418 (decimal 1048)
   defining Unicode char U+0419 (decimal 1049)
   defining Unicode char U+041A (decimal 1050)
   defining Unicode char U+041B (decimal 1051)
   defining Unicode char U+041C (decimal 1052)
   defining Unicode char U+041D (decimal 1053)
   defining Unicode char U+041E (decimal 1054)
   defining Unicode char U+041F (decimal 1055)
   defining Unicode char U+0420 (decimal 1056)
   defining Unicode char U+0421 (decimal 1057)
   defining Unicode char U+0422 (decimal 1058)
   defining Unicode char U+0423 (decimal 1059)
   defining Unicode char U+0424 (decimal 1060)
   defining Unicode char U+0425 (decimal 1061)
   defining Unicode char U+0426 (decimal 1062)
   defining Unicode char U+0427 (decimal 1063)
   defining Unicode char U+0428 (decimal 1064)
   defining Unicode char U+0429 (decimal 1065)
   defining Unicode char U+042A (decimal 1066)
   defining Unicode char U+042B (decimal 1067)
   defining Unicode char U+042C (decimal 1068)
   defining Unicode char U+042D (decimal 1069)
   defining Unicode char U+042E (decimal 1070)
   defining Unicode char U+042F (decimal 1071)
   defining Unicode char U+0430 (decimal 1072)
   defining Unicode char U+0431 (decimal 1073)
   defining Unicode char U+0432 (decimal 1074)
   defining Unicode char U+0433 (decimal 1075)
   defining Unicode char U+0434 (decimal 1076)
   defining Unicode char U+0435 (decimal 1077)
   defining Unicode char U+0436 (decimal 1078)
   defining Unicode char U+0437 (decimal 1079)
   defining Unicode char U+0438 (decimal 1080)
   defining Unicode char U+0439 (decimal 1081)
   defining Unicode char U+043A (decimal 1082)
   defining Unicode char U+043B (decimal 1083)
   defining Unicode char U+043C (decimal 1084)
   defining Unicode char U+043D (decimal 1085)
   defining Unicode char U+043E (decimal 1086)
   defining Unicode char U+043F (decimal 1087)
   defining Unicode char U+0440 (decimal 1088)
   defining Unicode char U+0441 (decimal 1089)
   defining Unicode char U+0442 (decimal 1090)
   defining Unicode char U+0443 (decimal 1091)
   defining Unicode char U+0444 (decimal 1092)
   defining Unicode char U+0445 (decimal 1093)
   defining Unicode char U+0446 (decimal 1094)
   defining Unicode char U+0447 (decimal 1095)
   defining Unicode char U+0448 (decimal 1096)
   defining Unicode char U+0449 (decimal 1097)
   defining Unicode char U+044A (decimal 1098)
   defining Unicode char U+044B (decimal 1099)
   defining Unicode char U+044C (decimal 1100)
   defining Unicode char U+044D (decimal 1101)
   defining Unicode char U+044E (decimal 1102)
   defining Unicode char U+044F (decimal 1103)
   defining Unicode char U+0450 (decimal 1104)
   defining Unicode char U+0451 (decimal 1105)
   defining Unicode char U+0452 (decimal 1106)
   defining Unicode char U+0453 (decimal 1107)
   defining Unicode char U+0454 (decimal 1108)
   defining Unicode char U+0455 (decimal 1109)
   defining Unicode char U+0456 (decimal 1110)
   defining Unicode char U+0457 (decimal 1111)
   defining Unicode char U+0458 (decimal 1112)
   defining Unicode char U+0459 (decimal 1113)
   defining Unicode char U+045A (decimal 1114)
   defining Unicode char U+045B (decimal 1115)
   defining Unicode char U+045C (decimal 1116)
   defining Unicode char U+045D (decimal 1117)
   defining Unicode char U+045E (decimal 1118)
   defining Unicode char U+045F (decimal 1119)
   defining Unicode char U+0490 (decimal 1168)
   defining Unicode char U+0491 (decimal 1169)
   defining Unicode char U+0492 (decimal 1170)
   defining Unicode char U+0493 (decimal 1171)
   defining Unicode char U+0496 (decimal 1174)
   defining Unicode char U+0497 (decimal 1175)
   defining Unicode char U+0498 (decimal 1176)
   defining Unicode char U+0499 (decimal 1177)
   defining Unicode char U+049A (decimal 1178)
   defining Unicode char U+049B (decimal 1179)
   defining Unicode char U+049C (decimal 1180)
   defining Unicode char U+049D (decimal 1181)
   defining Unicode char U+04A0 (decimal 1184)
   defining Unicode char U+04A1 (decimal 1185)
   defining Unicode char U+04A2 (decimal 1186)
   defining Unicode char U+04A3 (decimal 1187)
   defining Unicode char U+04A4 (decimal 1188)
   defining Unicode char U+04A5 (decimal 1189)
   defining Unicode char U+04AA (decimal 1194)
   defining Unicode char U+04AB (decimal 1195)
   defining Unicode char U+04AE (decimal 1198)
   defining Unicode char U+04AF (decimal 1199)
   defining Unicode char U+04B0 (decimal 1200)
   defining Unicode char U+04B1 (decimal 1201)
   defining Unicode char U+04B2 (decimal 1202)
   defining Unicode char U+04B3 (decimal 1203)
   defining Unicode char U+04B6 (decimal 1206)
   defining Unicode char U+04B7 (decimal 1207)
   defining Unicode char U+04B8 (decimal 1208)
   defining Unicode char U+04B9 (decimal 1209)
   defining Unicode char U+04BA (decimal 1210)
   defining Unicode char U+04BB (decimal 1211)
   defining Unicode char U+04C0 (decimal 1216)
   defining Unicode char U+04C1 (decimal 1217)
   defining Unicode char U+04C2 (decimal 1218)
   defining Unicode char U+04D0 (decimal 1232)
   defining Unicode char U+04D1 (decimal 1233)
   defining Unicode char U+04D2 (decimal 1234)
   defining Unicode char U+04D3 (decimal 1235)
   defining Unicode char U+04D4 (decimal 1236)
   defining Unicode char U+04D5 (decimal 1237)
   defining Unicode char U+04D6 (decimal 1238)
   defining Unicode char U+04D7 (decimal 1239)
   defining Unicode char U+04D8 (decimal 1240)
   defining Unicode char U+04D9 (decimal 1241)
   defining Unicode char U+04DA (decimal 1242)
   defining Unicode char U+04DB (decimal 1243)
   defining Unicode char U+04DC (decimal 1244)
   defining Unicode char U+04DD (decimal 1245)
   defining Unicode char U+04DE (decimal 1246)
   defining Unicode char U+04DF (decimal 1247)
   defining Unicode char U+04E2 (decimal 1250)
   defining Unicode char U+04E3 (decimal 1251)
   defining Unicode char U+04E4 (decimal 1252)
   defining Unicode char U+04E5 (decimal 1253)
   defining Unicode char U+04E6 (decimal 1254)
   defining Unicode char U+04E7 (decimal 1255)
   defining Unicode char U+04E8 (decimal 1256)
   defining Unicode char U+04E9 (decimal 1257)
   defining Unicode char U+04EC (decimal 1260)
   defining Unicode char U+04ED (decimal 1261)
   defining Unicode char U+04EE (decimal 1262)
   defining Unicode char U+04EF (decimal 1263)
   defining Unicode char U+04F0 (decimal 1264)
   defining Unicode char U+04F1 (decimal 1265)
   defining Unicode char U+04F2 (decimal 1266)
   defining Unicode char U+04F3 (decimal 1267)
   defining Unicode char U+04F4 (decimal 1268)
   defining Unicode char U+04F5 (decimal 1269)
   defining Unicode char U+04F8 (decimal 1272)
   defining Unicode char U+04F9 (decimal 1273)
   defining Unicode char U+200C (decimal 8204)
   defining Unicode char U+2013 (decimal 8211)
   defining Unicode char U+2014 (decimal 8212)
   defining Unicode char U+2018 (decimal 8216)
   defining Unicode char U+2019 (decimal 8217)
   defining Unicode char U+201C (decimal 8220)
   defining Unicode char U+201D (decimal 8221)
   defining Unicode char U+201E (decimal 8222)
   defining Unicode char U+2030 (decimal 8240)
   defining Unicode char U+2031 (decimal 8241)
   defining Unicode char U+2116 (decimal 8470)
   defining Unicode char U+2329 (decimal 9001)
   defining Unicode char U+3008 (decimal 12296)
   defining Unicode char U+232A (decimal 9002)
   defining Unicode char U+3009 (decimal 12297)
   defining Unicode char U+2423 (decimal 9251)
   defining Unicode char U+27E8 (decimal 10216)
   defining Unicode char U+27E9 (decimal 10217)
   defining Unicode char U+FB00 (decimal 64256)
   defining Unicode char U+FB01 (decimal 64257)
   defining Unicode char U+FB02 (decimal 64258)
   defining Unicode char U+FB03 (decimal 64259)
   defining Unicode char U+FB04 (decimal 64260)
   defining Unicode char U+FB05 (decimal 64261)
   defining Unicode char U+FB06 (decimal 64262)
))
LaTeX Font Info:    Trying to load font information for T2A+cmr on input line 116.
 (/usr/local/texlive/2025/texmf-dist/tex/latex/cyrillic/t2acmr.fd
File: t2acmr.fd 2001/08/11 v1.0a Computer Modern Cyrillic font definitions
)) (/usr/local/texlive/2025/texmf-dist/tex/latex/psnfss/mathpazo.sty
Package: mathpazo 2020/03/25 PSNFSS-v9.3 Palatino w/ Pazo Math (D.Puga, WaS) 
\symupright=\mathgroup4
) (/usr/local/texlive/2025/texmf-dist/tex/latex/sourcecodepro/sourcecodepro.sty
Package: sourcecodepro 2018/01/13 v2.7 Adobe's Source Code Pro typeface
 (/usr/local/texlive/2025/texmf-dist/tex/generic/iftex/ifxetex.sty
Package: ifxetex 2019/10/25 v0.7 ifxetex legacy package. Use iftex instead.
 (/usr/local/texlive/2025/texmf-dist/tex/generic/iftex/iftex.sty
Package: iftex 2024/12/12 v1.0g TeX engine tests
)) (/usr/local/texlive/2025/texmf-dist/tex/generic/iftex/ifluatex.sty
Package: ifluatex 2019/10/25 v1.5 ifluatex legacy package. Use iftex instead.
) (/usr/local/texlive/2025/texmf-dist/tex/latex/xkeyval/xkeyval.sty
Package: xkeyval 2022/06/16 v2.9 package option processing (HA)
 (/usr/local/texlive/2025/texmf-dist/tex/generic/xkeyval/xkeyval.tex (/usr/local/texlive/2025/texmf-dist/tex/generic/xkeyval/xkvutils.tex
\XKV@toks=\toks25
\XKV@tempa@toks=\toks26
)
\XKV@depth=\count280
File: xkeyval.tex 2014/12/03 v2.7a key=value parser (HA)
)) (/usr/local/texlive/2025/texmf-dist/tex/latex/base/fontenc.sty
Package: fontenc 2021/04/29 v2.0v Standard LaTeX package
 (/usr/local/texlive/2025/texmf-dist/tex/latex/ly1/ly1enc.def
File: ly1enc.def 2022/06/11 v0.8 TeX 'n ANSI encoding (DPC/KB)
Now handling font encoding LY1 ...
... processing UTF-8 mapping file for font encoding LY1
 (/usr/local/texlive/2025/texmf-dist/tex/latex/base/ly1enc.dfu
File: ly1enc.dfu 2022/06/07 v1.3c UTF-8 support
   defining Unicode char U+00A0 (decimal 160)
   defining Unicode char U+00A1 (decimal 161)
   defining Unicode char U+00A2 (decimal 162)
   defining Unicode char U+00A3 (decimal 163)
   defining Unicode char U+00A4 (decimal 164)
   defining Unicode char U+00A5 (decimal 165)
   defining Unicode char U+00A6 (decimal 166)
   defining Unicode char U+00A7 (decimal 167)
   defining Unicode char U+00AA (decimal 170)
   defining Unicode char U+00AB (decimal 171)
   defining Unicode char U+00AD (decimal 173)
   defining Unicode char U+00AE (decimal 174)
   defining Unicode char U+00B0 (decimal 176)
   defining Unicode char U+00B5 (decimal 181)
   defining Unicode char U+00B6 (decimal 182)
   defining Unicode char U+00B7 (decimal 183)
   defining Unicode char U+00BA (decimal 186)
   defining Unicode char U+00BB (decimal 187)
   defining Unicode char U+00BC (decimal 188)
   defining Unicode char U+00BD (decimal 189)
   defining Unicode char U+00BE (decimal 190)
   defining Unicode char U+00BF (decimal 191)
   defining Unicode char U+00C0 (decimal 192)
   defining Unicode char U+00C1 (decimal 193)
   defining Unicode char U+00C2 (decimal 194)
   defining Unicode char U+00C3 (decimal 195)
   defining Unicode char U+00C4 (decimal 196)
   defining Unicode char U+00C5 (decimal 197)
   defining Unicode char U+00C6 (decimal 198)
   defining Unicode char U+00C7 (decimal 199)
   defining Unicode char U+00C8 (decimal 200)
   defining Unicode char U+00C9 (decimal 201)
   defining Unicode char U+00CA (decimal 202)
   defining Unicode char U+00CB (decimal 203)
   defining Unicode char U+00CC (decimal 204)
   defining Unicode char U+00CD (decimal 205)
   defining Unicode char U+00CE (decimal 206)
   defining Unicode char U+00CF (decimal 207)
   defining Unicode char U+00D0 (decimal 208)
   defining Unicode char U+00D1 (decimal 209)
   defining Unicode char U+00D2 (decimal 210)
   defining Unicode char U+00D3 (decimal 211)
   defining Unicode char U+00D4 (decimal 212)
   defining Unicode char U+00D5 (decimal 213)
   defining Unicode char U+00D6 (decimal 214)
   defining Unicode char U+00D8 (decimal 216)
   defining Unicode char U+00D9 (decimal 217)
   defining Unicode char U+00DA (decimal 218)
   defining Unicode char U+00DB (decimal 219)
   defining Unicode char U+00DC (decimal 220)
   defining Unicode char U+00DD (decimal 221)
   defining Unicode char U+00DE (decimal 222)
   defining Unicode char U+00DF (decimal 223)
   defining Unicode char U+00E0 (decimal 224)
   defining Unicode char U+00E1 (decimal 225)
   defining Unicode char U+00E2 (decimal 226)
   defining Unicode char U+00E3 (decimal 227)
   defining Unicode char U+00E4 (decimal 228)
   defining Unicode char U+00E5 (decimal 229)
   defining Unicode char U+00E6 (decimal 230)
   defining Unicode char U+00E7 (decimal 231)
   defining Unicode char U+00E8 (decimal 232)
   defining Unicode char U+00E9 (decimal 233)
   defining Unicode char U+00EA (decimal 234)
   defining Unicode char U+00EB (decimal 235)
   defining Unicode char U+00EC (decimal 236)
   defining Unicode char U+00ED (decimal 237)
   defining Unicode char U+00EE (decimal 238)
   defining Unicode char U+00EF (decimal 239)
   defining Unicode char U+00F0 (decimal 240)
   defining Unicode char U+00F1 (decimal 241)
   defining Unicode char U+00F2 (decimal 242)
   defining Unicode char U+00F3 (decimal 243)
   defining Unicode char U+00F4 (decimal 244)
   defining Unicode char U+00F5 (decimal 245)
   defining Unicode char U+00F6 (decimal 246)
   defining Unicode char U+00F8 (decimal 248)
   defining Unicode char U+00F9 (decimal 249)
   defining Unicode char U+00FA (decimal 250)
   defining Unicode char U+00FB (decimal 251)
   defining Unicode char U+00FC (decimal 252)
   defining Unicode char U+00FD (decimal 253)
   defining Unicode char U+00FE (decimal 254)
   defining Unicode char U+00FF (decimal 255)
   defining Unicode char U+0131 (decimal 305)
   defining Unicode char U+0141 (decimal 321)
   defining Unicode char U+0142 (decimal 322)
   defining Unicode char U+0152 (decimal 338)
   defining Unicode char U+0153 (decimal 339)
   defining Unicode char U+0160 (decimal 352)
   defining Unicode char U+0161 (decimal 353)
   defining Unicode char U+0174 (decimal 372)
   defining Unicode char U+0175 (decimal 373)
   defining Unicode char U+0176 (decimal 374)
   defining Unicode char U+0177 (decimal 375)
   defining Unicode char U+0178 (decimal 376)
   defining Unicode char U+017D (decimal 381)
   defining Unicode char U+017E (decimal 382)
   defining Unicode char U+0192 (decimal 402)
   defining Unicode char U+0218 (decimal 536)
   defining Unicode char U+0219 (decimal 537)
   defining Unicode char U+021A (decimal 538)
   defining Unicode char U+021B (decimal 539)
   defining Unicode char U+0237 (decimal 567)
   defining Unicode char U+02C6 (decimal 710)
   defining Unicode char U+02DC (decimal 732)
   defining Unicode char U+2013 (decimal 8211)
   defining Unicode char U+2014 (decimal 8212)
   defining Unicode char U+201C (decimal 8220)
   defining Unicode char U+201D (decimal 8221)
   defining Unicode char U+2020 (decimal 8224)
   defining Unicode char U+2021 (decimal 8225)
   defining Unicode char U+2022 (decimal 8226)
   defining Unicode char U+2026 (decimal 8230)
   defining Unicode char U+2030 (decimal 8240)
   defining Unicode char U+2039 (decimal 8249)
   defining Unicode char U+203A (decimal 8250)
   defining Unicode char U+2122 (decimal 8482)
   defining Unicode char U+FB00 (decimal 64256)
   defining Unicode char U+FB01 (decimal 64257)
   defining Unicode char U+FB02 (decimal 64258)
   defining Unicode char U+FB03 (decimal 64259)
   defining Unicode char U+FB04 (decimal 64260)
   defining Unicode char U+FB05 (decimal 64261)
   defining Unicode char U+FB06 (decimal 64262)
))
LaTeX Font Info:    Trying to load font information for T1+ppl on input line 116.
 (/usr/local/texlive/2025/texmf-dist/tex/latex/psnfss/t1ppl.fd
File: t1ppl.fd 2001/06/04 font definitions for T1/ppl.
))) (/usr/local/texlive/2025/texmf-dist/tex/latex/mathdesign/mathdesign.sty
Package: mathdesign 2013/08/29 v2.31 Math Design Project
 (/usr/local/texlive/2025/texmf-dist/tex/latex/mathdesign/mdbch/mdbch.cfg) (/usr/local/texlive/2025/texmf-dist/tex/latex/mathdesign/mdbch/mdbch.sty
Package: mdbch 2013/08/29 v2.31 bitstream bitstream charter + mdbch (Math Design Project)
 (/usr/local/texlive/2025/texmf-dist/tex/latex/mathdesign/mdfont.def
File: mdfont.def 2013/08/29 v2.31 (Math Design Project)
) (/usr/local/texlive/2025/texmf-dist/tex/latex/mathdesign/mdsffont.def
File: mdsffont.def 2013/08/29 v2.31 (Math Design Project)


LaTeX Info: Font shape OT1/phv/mc/n has incorrect series value `mc'.
            It should not contain an `m'! Please correct it.
            Found on input line 53.


LaTeX Info: Font shape OT1/phv/mc/sc has incorrect series value `mc'.
            It should not contain an `m'! Please correct it.
            Found on input line 56.


LaTeX Info: Font shape OT1/phv/mc/sl has incorrect series value `mc'.
            It should not contain an `m'! Please correct it.
            Found on input line 59.


LaTeX Info: Font shape OT1/phv/mc/it has incorrect series value `mc'.
            It should not contain an `m'! Please correct it.
            Found on input line 79.


LaTeX Info: Font shape T1/phv/mc/n has incorrect series value `mc'.
            It should not contain an `m'! Please correct it.
            Found on input line 102.


LaTeX Info: Font shape T1/phv/mc/sc has incorrect series value `mc'.
            It should not contain an `m'! Please correct it.
            Found on input line 105.


LaTeX Info: Font shape T1/phv/mc/sl has incorrect series value `mc'.
            It should not contain an `m'! Please correct it.
            Found on input line 108.


LaTeX Info: Font shape T1/phv/mc/it has incorrect series value `mc'.
            It should not contain an `m'! Please correct it.
            Found on input line 128.


LaTeX Info: Font shape OT1/uhv/mc/n has incorrect series value `mc'.
            It should not contain an `m'! Please correct it.
            Found on input line 259.


LaTeX Info: Font shape OT1/uhv/mc/sc has incorrect series value `mc'.
            It should not contain an `m'! Please correct it.
            Found on input line 262.


LaTeX Info: Font shape OT1/uhv/mc/sl has incorrect series value `mc'.
            It should not contain an `m'! Please correct it.
            Found on input line 265.


LaTeX Info: Font shape OT1/uhv/mc/it has incorrect series value `mc'.
            It should not contain an `m'! Please correct it.
            Found on input line 268.


LaTeX Info: Font shape T1/uhv/mc/n has incorrect series value `mc'.
            It should not contain an `m'! Please correct it.
            Found on input line 313.


LaTeX Info: Font shape T1/uhv/mc/sc has incorrect series value `mc'.
            It should not contain an `m'! Please correct it.
            Found on input line 316.


LaTeX Info: Font shape T1/uhv/mc/sl has incorrect series value `mc'.
            It should not contain an `m'! Please correct it.
            Found on input line 319.


LaTeX Info: Font shape T1/uhv/mc/it has incorrect series value `mc'.
            It should not contain an `m'! Please correct it.
            Found on input line 322.

) (/usr/local/texlive/2025/texmf-dist/tex/latex/mathdesign/mdttfont.def
File: mdttfont.def 2013/08/29 v2.31 (Math Design Project)
)
\symmdcal=\mathgroup5
LaTeX Font Info:    Overwriting symbol font `mdcal' in version `bold'
(Font)                  OMS/mdbch/m/n --> OMS/mdbch/b/n on input line 97.
\symmdscr=\mathgroup6
LaTeX Font Info:    Overwriting symbol font `mdscr' in version `bold'
(Font)                  OMS/mdbch/m/n --> OMS/mdbch/b/n on input line 103.
LaTeX Font Info:    Overwriting math alphabet `\mathfrak' in version `bold'
(Font)                  U/xmdeuf/m/n --> U/xmdeuf/b/n on input line 110.
LaTeX Font Info:    Overwriting symbol font `operators' in version `normal'
(Font)                  OT1/ppl/m/n --> OT1/mdbch/m/n on input line 121.
LaTeX Font Info:    Overwriting symbol font `letters' in version `normal'
(Font)                  OML/zplm/m/it --> OML/mdbch/m/it on input line 122.
LaTeX Font Info:    Overwriting symbol font `symbols' in version `normal'
(Font)                  OMS/zplm/m/n --> OMS/mdbch/m/n on input line 123.
LaTeX Font Info:    Overwriting symbol font `largesymbols' in version `normal'
(Font)                  OMX/zplm/m/n --> OMX/mdbch/m/n on input line 124.
LaTeX Font Info:    Overwriting symbol font `operators' in version `bold'
(Font)                  OT1/ppl/b/n --> OT1/mdbch/b/n on input line 126.
LaTeX Font Info:    Overwriting symbol font `letters' in version `bold'
(Font)                  OML/zplm/b/it --> OML/mdbch/b/it on input line 127.
LaTeX Font Info:    Overwriting symbol font `symbols' in version `bold'
(Font)                  OMS/zplm/b/n --> OMS/mdbch/b/n on input line 128.
LaTeX Font Info:    Overwriting symbol font `largesymbols' in version `bold'
(Font)                  OMX/zplm/m/n --> OMX/mdbch/b/n on input line 129.
LaTeX Font Info:    Overwriting math alphabet `\mathrm' in version `normal'
(Font)                  OT1/mdbch/m/n --> T1/mdbch/m/n on input line 131.
LaTeX Font Info:    Overwriting math alphabet `\mathbf' in version `normal'
(Font)                  OT1/zplm/b/n --> T1/mdbch/b/n on input line 132.
LaTeX Font Info:    Overwriting math alphabet `\mathit' in version `normal'
(Font)                  OT1/ppl/m/it --> T1/mdbch/m/it on input line 133.
LaTeX Font Info:    Overwriting math alphabet `\mathsf' in version `normal'
(Font)                  OT1/cmss/m/n --> T1/cmss/m/n on input line 134.
LaTeX Font Info:    Overwriting math alphabet `\mathtt' in version `normal'
(Font)                  OT1/cmtt/m/n --> T1/cmtt/m/n on input line 135.
LaTeX Font Info:    Overwriting math alphabet `\mathrm' in version `bold'
(Font)                  OT1/mdbch/b/n --> T1/mdbch/b/n on input line 137.
LaTeX Font Info:    Overwriting math alphabet `\mathbf' in version `bold'
(Font)                  OT1/zplm/b/n --> T1/mdbch/b/n on input line 138.
LaTeX Font Info:    Overwriting math alphabet `\mathit' in version `bold'
(Font)                  OT1/ppl/b/it --> T1/mdbch/b/it on input line 139.
LaTeX Font Info:    Overwriting math alphabet `\mathsf' in version `bold'
(Font)                  OT1/cmss/bx/n --> T1/cmss/b/n on input line 140.
LaTeX Font Info:    Overwriting math alphabet `\mathtt' in version `bold'
(Font)                  OT1/cmtt/m/n --> T1/cmtt/b/n on input line 141.
\symlettersupright=\mathgroup7
LaTeX Font Info:    Overwriting symbol font `lettersupright' in version `bold'
(Font)                  OML/mdbch/m/n --> OML/mdbch/b/n on input line 144.
LaTeX Font Info:    Redeclaring math alphabet \mathrm on input line 145.
LaTeX Font Info:    Overwriting math alphabet `\mathcal' in version `normal'
(Font)                  OMS/mdbch/m/n --> OMS/mdbch/m/n on input line 167.
LaTeX Font Info:    Trying to load font information for T1+mdbch on input line 186.
 (/usr/local/texlive/2025/texmf-dist/tex/latex/mathdesign/mdbch/t1mdbch.fd
File: t1mdbch.fd 2013/08/29 Fontinst v1.933 font definitions for T1/mdbch.
)
LaTeX Font Info:    Font shape `T1/mdbch/m/n' will be
(Font)              scaled to size 10.51207pt on input line 186.
LaTeX Font Info:    Redeclaring math accent \widetilde on input line 449.
LaTeX Font Info:    Redeclaring math accent \widehat on input line 450.
Now handling font encoding MDA ...
... no UTF-8 mapping file for font encoding MDA
\symmathdesignA=\mathgroup8
LaTeX Font Info:    Overwriting symbol font `mathdesignA' in version `bold'
(Font)                  MDA/mdbch/m/n --> MDA/mdbch/b/n on input line 491.
Now handling font encoding MDB ...
... no UTF-8 mapping file for font encoding MDB
\symmathdesignB=\mathgroup9
LaTeX Font Info:    Overwriting symbol font `mathdesignB' in version `bold'
(Font)                  MDB/mdbch/m/n --> MDB/mdbch/b/n on input line 498.
\@emptytoks=\toks27
LaTeX Font Info:    Redeclaring math accent \widetilde on input line 532.
LaTeX Font Info:    Redeclaring math accent \widehat on input line 533.
\rulethickness=\skip73
) (/usr/local/texlive/2025/texmf-dist/tex/latex/base/fontenc.sty
Package: fontenc 2021/04/29 v2.0v Standard LaTeX package
)) (/usr/local/texlive/2025/texmf-dist/tex/latex/microtype/microtype.sty
Package: microtype 2025/02/11 v3.2a Micro-typographical refinements (RS)
\MT@toks=\toks28
\MT@tempbox=\box58
\MT@count=\count281
LaTeX Info: Redefining \noprotrusionifhmode on input line 1087.
LaTeX Info: Redefining \leftprotrusion on input line 1088.
\MT@prot@toks=\toks29
LaTeX Info: Redefining \rightprotrusion on input line 1107.
LaTeX Info: Redefining \textls on input line 1449.
\MT@outer@kern=\dimen153
LaTeX Info: Redefining \microtypecontext on input line 2053.
LaTeX Info: Redefining \textmicrotypecontext on input line 2070.
\MT@listname@count=\count282
 (/usr/local/texlive/2025/texmf-dist/tex/latex/microtype/microtype-pdftex.def
File: microtype-pdftex.def 2025/02/11 v3.2a Definitions specific to pdftex (RS)
LaTeX Info: Redefining \lsstyle on input line 944.
LaTeX Info: Redefining \lslig on input line 944.
\MT@outer@space=\skip74
)
Package microtype Info: Loading configuration file microtype.cfg.
 (/usr/local/texlive/2025/texmf-dist/tex/latex/microtype/microtype.cfg
File: microtype.cfg 2025/02/11 v3.2a microtype main configuration file (RS)
)
LaTeX Info: Redefining \microtypesetup on input line 3065.
) (/usr/local/texlive/2025/texmf-dist/tex/latex/xcharter/XCharter.sty
Package: XCharter 2023/07/21 v1.25
 `XCharter' v1.25, 2023/07/21 Text macros for XCharter, an extension of Charter (msharpe) (/usr/local/texlive/2025/texmf-dist/tex/latex/base/textcomp.sty
Package: textcomp 2024/04/24 v2.1b Standard LaTeX package
) (/usr/local/texlive/2025/texmf-dist/tex/generic/xstring/xstring.sty (/usr/local/texlive/2025/texmf-dist/tex/generic/xstring/xstring.tex
\xs_counta=\count283
\xs_countb=\count284
)
Package: xstring 2023/08/22 v1.86 String manipulations (CT)
) (/usr/local/texlive/2025/texmf-dist/tex/latex/carlisle/scalefnt.sty) (/usr/local/texlive/2025/texmf-dist/tex/latex/base/fontenc.sty
Package: fontenc 2021/04/29 v2.0v Standard LaTeX package
)
LaTeX Font Info:    Setting XCharter-LF sub-encoding to TS1/0 on input line 37.
LaTeX Font Info:    Changing XCharter-TLF sub-encoding to TS1/0 on input line 37.
LaTeX Font Info:    Setting XCharter-OsF sub-encoding to TS1/0 on input line 37.
LaTeX Font Info:    Changing XCharter-TOsF sub-encoding to TS1/0 on input line 37.
\xch@cnt=\count285
 (/usr/local/texlive/2025/texmf-dist/tex/latex/fontaxes/fontaxes.sty
Package: fontaxes 2020/07/21 v1.0e Font selection axes
LaTeX Info: Redefining \upshape on input line 29.
LaTeX Info: Redefining \itshape on input line 31.
LaTeX Info: Redefining \slshape on input line 33.
LaTeX Info: Redefining \swshape on input line 35.
LaTeX Info: Redefining \scshape on input line 37.
LaTeX Info: Redefining \sscshape on input line 39.
LaTeX Info: Redefining \ulcshape on input line 41.
LaTeX Info: Redefining \textsw on input line 47.
LaTeX Info: Redefining \textssc on input line 48.
LaTeX Info: Redefining \textulc on input line 49.
)
LaTeX Info: Redefining \textsu on input line 737.
LaTeX Info: Redefining \textde on input line 740.
LaTeX Info: Redefining \textinf on input line 742.
) (/usr/local/texlive/2025/texmf-dist/tex/generic/babel/babel.sty
Package: babel 2025/02/14 v25.4 The multilingual framework for pdfLaTeX, LuaLaTeX and XeLaTeX
\babel@savecnt=\count286
\U@D=\dimen154
\l@unhyphenated=\language90
 (/usr/local/texlive/2025/texmf-dist/tex/generic/babel/txtbabel.def)
\bbl@readstream=\read2
\bbl@dirlevel=\count287
 (/usr/local/texlive/2025/texmf-dist/tex/generic/babel-german/ngerman.ldf
Language: ngerman 2024/12/10 v2.15 German support for babel (post-1996 orthography)
 (/usr/local/texlive/2025/texmf-dist/tex/generic/babel-german/ngermanb.ldf
Language: ngermanb 2024/12/10 v2.15 German support for babel (post-1996 orthography)
Package babel Info: Making " an active character on input line 122.
)) (/usr/local/texlive/2025/texmf-dist/tex/generic/babel-english/english.ldf
Language: english 2017/06/06 v3.3r English support from the babel system
Package babel Info: Hyphen rules for 'canadian' set to \l@english
(babel)             (\language0). Reported on input line 102.
Package babel Info: Hyphen rules for 'australian' set to \l@ukenglish
(babel)             (\language22). Reported on input line 105.
Package babel Info: Hyphen rules for 'newzealand' set to \l@ukenglish
(babel)             (\language22). Reported on input line 108.
)) (/usr/local/texlive/2025/texmf-dist/tex/generic/babel/locale/en/babel-english.tex
Package babel Info: Importing font and identification data for english
(babel)             from babel-en.ini. Reported on input line 11.
) (/usr/local/texlive/2025/texmf-dist/tex/generic/babel/locale/de/babel-ngerman.tex
Package babel Info: Importing font and identification data for ngerman
(babel)             from babel-de.ini. Reported on input line 11.
) (/usr/local/texlive/2025/texmf-dist/tex/latex/textpos/textpos.sty
Package: textpos 2022/07/23 v1.10.1
Package textpos Info: choosing support for LaTeX3 on input line 60.
\TP@textbox=\box59
\TP@holdbox=\box60
\TPHorizModule=\dimen155
\TPVertModule=\dimen156
\TP@margin=\dimen157
\TP@absmargin=\dimen158

Grid set 16 x 16 = 37.34424pt x 52.81543pt
\TPboxrulesize=\dimen159
\TP@ox=\dimen160
\TP@oy=\dimen161
\TP@tbargs=\toks30
TextBlockOrigin set to 0pt x 0pt
) (/usr/local/texlive/2025/texmf-dist/tex/latex/siunitx/siunitx.sty
Package: siunitx 2025-02-27 v3.4.6 A comprehensive (SI) units package
\l__siunitx_number_uncert_offset_int=\count288
\l__siunitx_number_exponent_fixed_int=\count289
\l__siunitx_number_min_decimal_int=\count290
\l__siunitx_number_min_integer_int=\count291
\l__siunitx_number_round_precision_int=\count292
\l__siunitx_number_lower_threshold_int=\count293
\l__siunitx_number_upper_threshold_int=\count294
\l__siunitx_number_group_first_int=\count295
\l__siunitx_number_group_size_int=\count296
\l__siunitx_number_group_minimum_int=\count297
\l__siunitx_angle_tmp_dim=\dimen162
\l__siunitx_angle_marker_box=\box61
\l__siunitx_angle_unit_box=\box62
\l__siunitx_compound_count_int=\count298
 (/usr/local/texlive/2025/texmf-dist/tex/latex/translations/translations.sty
Package: translations 2022/02/05 v1.12 internationalization of LaTeX2e packages (CN)
 (/usr/local/texlive/2025/texmf-dist/tex/generic/pdftexcmds/pdftexcmds.sty
Package: pdftexcmds 2020-06-27 v0.33 Utility functions of pdfTeX for LuaTeX (HO)
 (/usr/local/texlive/2025/texmf-dist/tex/generic/infwarerr/infwarerr.sty
Package: infwarerr 2019/12/03 v1.5 Providing info/warning/error messages (HO)
) (/usr/local/texlive/2025/texmf-dist/tex/generic/ltxcmds/ltxcmds.sty
Package: ltxcmds 2023-12-04 v1.26 LaTeX kernel commands for general use (HO)
)
Package pdftexcmds Info: \pdf@primitive is available.
Package pdftexcmds Info: \pdf@ifprimitive is available.
Package pdftexcmds Info: \pdfdraftmode found.
)) (/usr/local/texlive/2025/texmf-dist/tex/latex/amsmath/amstext.sty
Package: amstext 2021/08/26 v2.01 AMS text
 (/usr/local/texlive/2025/texmf-dist/tex/latex/amsmath/amsgen.sty
File: amsgen.sty 1999/11/30 v2.0 generic functions
\@emptytoks=\toks31
\ex@=\dimen163
))
\l__siunitx_table_tmp_box=\box63
\l__siunitx_table_tmp_dim=\dimen164
\l__siunitx_table_column_width_dim=\dimen165
\l__siunitx_table_integer_box=\box64
\l__siunitx_table_decimal_box=\box65
\l__siunitx_table_uncert_box=\box66
\l__siunitx_table_before_box=\box67
\l__siunitx_table_after_box=\box68
\l__siunitx_table_before_dim=\dimen166
\l__siunitx_table_carry_dim=\dimen167
\l__siunitx_unit_tmp_int=\count299
\l__siunitx_unit_position_int=\count300
\l__siunitx_unit_total_int=\count301


Package siunitx Warning: Option "binary-units" has been removed in this
(siunitx)                release.

) (/usr/local/texlive/2025/texmf-dist/tex/latex/amsmath/amsmath.sty
Package: amsmath 2024/11/05 v2.17t AMS math features
\@mathmargin=\skip75

For additional information on amsmath, use the `?' option.
(/usr/local/texlive/2025/texmf-dist/tex/latex/amsmath/amsbsy.sty
Package: amsbsy 1999/11/29 v1.2d Bold Symbols
\pmbraise@=\dimen168
) (/usr/local/texlive/2025/texmf-dist/tex/latex/amsmath/amsopn.sty
Package: amsopn 2022/04/08 v2.04 operator names
)
\inf@bad=\count302
LaTeX Info: Redefining \frac on input line 233.
\uproot@=\count303
\leftroot@=\count304
LaTeX Info: Redefining \overline on input line 398.
LaTeX Info: Redefining \colon on input line 409.
\classnum@=\count305
\DOTSCASE@=\count306
LaTeX Info: Redefining \ldots on input line 495.
LaTeX Info: Redefining \dots on input line 498.
LaTeX Info: Redefining \cdots on input line 619.
\Mathstrutbox@=\box69
\strutbox@=\box70
LaTeX Info: Redefining \big on input line 721.
LaTeX Info: Redefining \Big on input line 722.
LaTeX Info: Redefining \bigg on input line 723.
LaTeX Info: Redefining \Bigg on input line 724.
\big@size=\dimen169
LaTeX Font Info:    Redeclaring font encoding OML on input line 742.
LaTeX Font Info:    Redeclaring font encoding OMS on input line 743.
\macc@depth=\count307
LaTeX Info: Redefining \bmod on input line 904.
LaTeX Info: Redefining \pmod on input line 909.
LaTeX Info: Redefining \smash on input line 939.
LaTeX Info: Redefining \relbar on input line 969.
LaTeX Info: Redefining \Relbar on input line 970.
\c@MaxMatrixCols=\count308
\dotsspace@=\muskip17
\c@parentequation=\count309
\dspbrk@lvl=\count310
\tag@help=\toks32
\row@=\count311
\column@=\count312
\maxfields@=\count313
\andhelp@=\toks33
\eqnshift@=\dimen170
\alignsep@=\dimen171
\tagshift@=\dimen172
\tagwidth@=\dimen173
\totwidth@=\dimen174
\lineht@=\dimen175
\@envbody=\toks34
\multlinegap=\skip76
\multlinetaggap=\skip77
\mathdisplay@stack=\toks35
LaTeX Info: Redefining \[ on input line 2953.
LaTeX Info: Redefining \] on input line 2954.
) (/usr/local/texlive/2025/texmf-dist/tex/latex/biblatex/biblatex.sty
Package: biblatex 2024/03/21 v3.20 programmable bibliographies (PK/MW)
 (/usr/local/texlive/2025/texmf-dist/tex/latex/kvoptions/kvoptions.sty
Package: kvoptions 2022-06-15 v3.15 Key value format for package options (HO)
 (/usr/local/texlive/2025/texmf-dist/tex/latex/kvsetkeys/kvsetkeys.sty
Package: kvsetkeys 2022-10-05 v1.19 Key value parser (HO)
)) (/usr/local/texlive/2025/texmf-dist/tex/latex/logreq/logreq.sty
Package: logreq 2010/08/04 v1.0 xml request logger
\lrq@indent=\count314
 (/usr/local/texlive/2025/texmf-dist/tex/latex/logreq/logreq.def
File: logreq.def 2010/08/04 v1.0 logreq spec v1.0
)) (/usr/local/texlive/2025/texmf-dist/tex/latex/url/url.sty
\Urlmuskip=\muskip18
Package: url 2013/09/16  ver 3.4  Verb mode for urls, etc.
)
\c@tabx@nest=\count315
\c@listtotal=\count316
\c@listcount=\count317
\c@liststart=\count318
\c@liststop=\count319
\c@citecount=\count320
\c@citetotal=\count321
\c@multicitecount=\count322
\c@multicitetotal=\count323
\c@instcount=\count324
\c@maxnames=\count325
\c@minnames=\count326
\c@maxitems=\count327
\c@minitems=\count328
\c@citecounter=\count329
\c@maxcitecounter=\count330
\c@savedcitecounter=\count331
\c@uniquelist=\count332
\c@uniquename=\count333
\c@refsection=\count334
\c@refsegment=\count335
\c@maxextratitle=\count336
\c@maxextratitleyear=\count337
\c@maxextraname=\count338
\c@maxextradate=\count339
\c@maxextraalpha=\count340
\c@abbrvpenalty=\count341
\c@highnamepenalty=\count342
\c@lownamepenalty=\count343
\c@maxparens=\count344
\c@parenlevel=\count345
\blx@tempcnta=\count346
\blx@tempcntb=\count347
\blx@tempcntc=\count348
\c@blx@maxsection=\count349
\blx@maxsegment@0=\count350
\blx@notetype=\count351
\blx@parenlevel@text=\count352
\blx@parenlevel@foot=\count353
\blx@sectionciteorder@0=\count354
\blx@sectionciteorderinternal@0=\count355
\blx@entrysetcounter=\count356
\blx@biblioinstance=\count357
\labelnumberwidth=\skip78
\labelalphawidth=\skip79
\biblabelsep=\skip80
\bibitemsep=\skip81
\bibnamesep=\skip82
\bibinitsep=\skip83
\bibparsep=\skip84
\bibhang=\skip85
\blx@bcfin=\read3
\blx@bcfout=\write3
\blx@langwohyphens=\language91
\c@mincomprange=\count358
\c@maxcomprange=\count359
\c@mincompwidth=\count360
Package biblatex Info: Trying to load biblatex default data model...
Package biblatex Info: ... file 'blx-dm.def' found.
 (/usr/local/texlive/2025/texmf-dist/tex/latex/biblatex/blx-dm.def
File: blx-dm.def 2024/03/21 v3.20 biblatex datamodel (PK/MW)
)
Package biblatex Info: Trying to load biblatex style data model...
Package biblatex Info: ... file 'numeric-comp.dbx' not found.
Package biblatex Info: Trying to load biblatex custom data model...
Package biblatex Info: ... file 'biblatex-dm.cfg' not found.
\c@afterword=\count361
\c@savedafterword=\count362
\c@annotator=\count363
\c@savedannotator=\count364
\c@author=\count365
\c@savedauthor=\count366
\c@bookauthor=\count367
\c@savedbookauthor=\count368
\c@commentator=\count369
\c@savedcommentator=\count370
\c@editor=\count371
\c@savededitor=\count372
\c@editora=\count373
\c@savededitora=\count374
\c@editorb=\count375
\c@savededitorb=\count376
\c@editorc=\count377
\c@savededitorc=\count378
\c@foreword=\count379
\c@savedforeword=\count380
\c@holder=\count381
\c@savedholder=\count382
\c@introduction=\count383
\c@savedintroduction=\count384
\c@namea=\count385
\c@savednamea=\count386
\c@nameb=\count387
\c@savednameb=\count388
\c@namec=\count389
\c@savednamec=\count390
\c@translator=\count391
\c@savedtranslator=\count392
\c@shortauthor=\count393
\c@savedshortauthor=\count394
\c@shorteditor=\count395
\c@savedshorteditor=\count396
\c@labelname=\count397
\c@savedlabelname=\count398
\c@institution=\count399
\c@savedinstitution=\count400
\c@lista=\count401
\c@savedlista=\count402
\c@listb=\count403
\c@savedlistb=\count404
\c@listc=\count405
\c@savedlistc=\count406
\c@listd=\count407
\c@savedlistd=\count408
\c@liste=\count409
\c@savedliste=\count410
\c@listf=\count411
\c@savedlistf=\count412
\c@location=\count413
\c@savedlocation=\count414
\c@organization=\count415
\c@savedorganization=\count416
\c@origlocation=\count417
\c@savedoriglocation=\count418
\c@origpublisher=\count419
\c@savedorigpublisher=\count420
\c@publisher=\count421
\c@savedpublisher=\count422
\c@language=\count423
\c@savedlanguage=\count424
\c@origlanguage=\count425
\c@savedoriglanguage=\count426
\c@pageref=\count427
\c@savedpageref=\count428
\shorthandwidth=\skip86
\shortjournalwidth=\skip87
\shortserieswidth=\skip88
\shorttitlewidth=\skip89
\shortauthorwidth=\skip90
\shorteditorwidth=\skip91
\locallabelnumberwidth=\skip92
\locallabelalphawidth=\skip93
\localshorthandwidth=\skip94
\localshortjournalwidth=\skip95
\localshortserieswidth=\skip96
\localshorttitlewidth=\skip97
\localshortauthorwidth=\skip98
\localshorteditorwidth=\skip99
Package biblatex Info: Trying to load compatibility code...
Package biblatex Info: ... file 'blx-compat.def' found.
 (/usr/local/texlive/2025/texmf-dist/tex/latex/biblatex/blx-compat.def
File: blx-compat.def 2024/03/21 v3.20 biblatex compatibility (PK/MW)
)
Package biblatex Info: Trying to load generic definitions...
Package biblatex Info: ... file 'biblatex.def' found.
 (/usr/local/texlive/2025/texmf-dist/tex/latex/biblatex/biblatex.def
File: biblatex.def 2024/03/21 v3.20 biblatex compatibility (PK/MW)
\c@textcitecount=\count429
\c@textcitetotal=\count430
\c@textcitemaxnames=\count431
\c@biburlbigbreakpenalty=\count432
\c@biburlbreakpenalty=\count433
\c@biburlnumpenalty=\count434
\c@biburlucpenalty=\count435
\c@biburllcpenalty=\count436
\biburlbigskip=\muskip19
\biburlnumskip=\muskip20
\biburlucskip=\muskip21
\biburllcskip=\muskip22
\c@smartand=\count437
)
Package biblatex Info: Trying to load bibliography style 'numeric'...
Package biblatex Info: ... file 'numeric.bbx' found.
 (/usr/local/texlive/2025/texmf-dist/tex/latex/biblatex/bbx/numeric.bbx
File: numeric.bbx 2024/03/21 v3.20 biblatex bibliography style (PK/MW)
Package biblatex Info: Trying to load bibliography style 'standard'...
Package biblatex Info: ... file 'standard.bbx' found.
 (/usr/local/texlive/2025/texmf-dist/tex/latex/biblatex/bbx/standard.bbx
File: standard.bbx 2024/03/21 v3.20 biblatex bibliography style (PK/MW)
\c@bbx:relatedcount=\count438
\c@bbx:relatedtotal=\count439
))
Package biblatex Info: Trying to load citation style 'numeric'...
Package biblatex Info: ... file 'numeric.cbx' found.
 (/usr/local/texlive/2025/texmf-dist/tex/latex/biblatex/cbx/numeric.cbx
File: numeric.cbx 2024/03/21 v3.20 biblatex citation style (PK/MW)
Package biblatex Info: Redefining '\cite'.
Package biblatex Info: Redefining '\parencite'.
Package biblatex Info: Redefining '\footcite'.
Package biblatex Info: Redefining '\footcitetext'.
Package biblatex Info: Redefining '\smartcite'.
Package biblatex Info: Redefining '\supercite'.
Package biblatex Info: Redefining '\textcite'.
Package biblatex Info: Redefining '\textcites'.
Package biblatex Info: Redefining '\cites'.
Package biblatex Info: Redefining '\parencites'.
Package biblatex Info: Redefining '\smartcites'.
)
Package biblatex Info: Trying to load configuration file...
Package biblatex Info: ... file 'biblatex.cfg' found.
 (/usr/local/texlive/2025/texmf-dist/tex/latex/biblatex/biblatex.cfg
File: biblatex.cfg 
)
Package biblatex Info: Input encoding 'utf8' detected.
Package biblatex Info: Document encoding is UTF8 ....
 (/usr/local/texlive/2025/texmf-dist/tex/latex/l3kernel/expl3.sty
Package: expl3 2025-01-18 L3 programming layer (loader) 
 (/usr/local/texlive/2025/texmf-dist/tex/latex/l3backend/l3backend-pdftex.def
File: l3backend-pdftex.def 2024-05-08 L3 backend support: PDF output (pdfTeX)
\l__color_backend_stack_int=\count440
\l__pdf_internal_box=\box71
))
Package biblatex Info: ... and expl3
(biblatex)             2025-01-18 L3 programming layer (loader) 
(biblatex)             is new enough (at least 2020/04/06),
(biblatex)             setting 'casechanger=expl3'.
 (/usr/local/texlive/2025/texmf-dist/tex/latex/biblatex/blx-case-expl3.sty (/usr/local/texlive/2025/texmf-dist/tex/latex/l3packages/xparse/xparse.sty
Package: xparse 2024-08-16 L3 Experimental document command parser
)
Package: blx-case-expl3 2024/03/21 v3.20 expl3 case changing code for biblatex
)) (/usr/local/texlive/2025/texmf-dist/tex/latex/csquotes/csquotes.sty
Package: csquotes 2024-04-04 v5.2o context-sensitive quotations (JAW)
\csq@reset=\count441
\csq@gtype=\count442
\csq@glevel=\count443
\csq@qlevel=\count444
\csq@maxlvl=\count445
\csq@tshold=\count446
\csq@ltx@everypar=\toks36
 (/usr/local/texlive/2025/texmf-dist/tex/latex/csquotes/csquotes.def
File: csquotes.def 2024-04-04 v5.2o csquotes generic definitions (JAW)
)
Package csquotes Info: Trying to load configuration file 'csquotes.cfg'...
Package csquotes Info: ... configuration file loaded successfully.
 (/usr/local/texlive/2025/texmf-dist/tex/latex/csquotes/csquotes.cfg
File: csquotes.cfg 
)) (/usr/local/texlive/2025/texmf-dist/tex/latex/lastpage/lastpage.sty
Package: lastpage 2025/01/27 v2.1e lastpage: 2.09 or 2e? (HMM)
 (/usr/local/texlive/2025/texmf-dist/tex/latex/lastpage/lastpage2e.sty
Package: lastpage2e 2025/01/27 v2.1e Decide which 2e lastpage version to use (HMM)
 (/usr/local/texlive/2025/texmf-dist/tex/latex/lastpage/lastpagemodern.sty
Package: lastpagemodern 2025-01-27 v2.1e Refers to last page's name (HMM; JPG)
\c@lastpagecount=\count447
) 
)) (/usr/local/texlive/2025/texmf-dist/tex/latex/koma-script/scrlayer-scrpage.sty
Package: scrlayer-scrpage 2024/10/24 v3.43 KOMA-Script package (end user interface for scrlayer)
 (/usr/local/texlive/2025/texmf-dist/tex/latex/koma-script/scrlayer.sty
Package: scrlayer 2024/10/24 v3.43 KOMA-Script package (defining layers and page styles)
Package scrlayer Info: patching LaTeX kernel macro \pagestyle on input line 2182.
)
Package scrlayer-scrpage Info: Makeing stand-alone element `pagehead' from
(scrlayer-scrpage)             alias to `pageheadfoot' on input line 1106.
) (/usr/local/texlive/2025/texmf-dist/tex/latex/seqsplit/seqsplit.sty
Package: seqsplit 2006/08/07 v0.1 Splitting long sequences (DNA, RNA, proteins, etc.) 
) (/usr/local/texlive/2025/texmf-dist/tex/latex/setspace/setspace.sty
Package: setspace 2022/12/04 v6.7b set line spacing
) (/usr/local/texlive/2025/texmf-dist/tex/latex/booktabs/booktabs.sty
Package: booktabs 2020/01/12 v1.61803398 Publication quality tables
\heavyrulewidth=\dimen176
\lightrulewidth=\dimen177
\cmidrulewidth=\dimen178
\belowrulesep=\dimen179
\belowbottomsep=\dimen180
\aboverulesep=\dimen181
\abovetopsep=\dimen182
\cmidrulesep=\dimen183
\cmidrulekern=\dimen184
\defaultaddspace=\dimen185
\@cmidla=\count448
\@cmidlb=\count449
\@aboverulesep=\dimen186
\@belowrulesep=\dimen187
\@thisruleclass=\count450
\@lastruleclass=\count451
\@thisrulewidth=\dimen188
) (/usr/local/texlive/2025/texmf-dist/tex/latex/wrapfig/wrapfig.sty
\wrapoverhang=\dimen189
\WF@size=\dimen190
\c@WF@wrappedlines=\count452
\WF@box=\box72
\WF@everypar=\toks37
Package: wrapfig 2003/01/31  v 3.6
) (/usr/local/texlive/2025/texmf-dist/tex/latex/placeins/placeins.sty
Package: placeins 2005/04/18  v 2.2
) (/usr/local/texlive/2025/texmf-dist/tex/latex/float/float.sty
Package: float 2001/11/08 v1.3d Float enhancements (AL)
\c@float@type=\count453
\float@exts=\toks38
\float@box=\box73
\@float@everytoks=\toks39
\@floatcapt=\box74
) (/usr/local/texlive/2025/texmf-dist/tex/latex/enumitem/enumitem.sty
Package: enumitem 2025/02/06 v3.11 Customized lists
\labelindent=\skip100
\enit@outerparindent=\dimen191
\enit@toks=\toks40
\enit@inbox=\box75
\enit@count@id=\count454
\enitdp@description=\count455
) (/usr/local/texlive/2025/texmf-dist/tex/latex/subfiles/subfiles.sty
Package: subfiles 2020/11/14 v2.2 Multi-file projects (package)
 (/usr/local/texlive/2025/texmf-dist/tex/latex/import/import.sty
Package: import 2020/04/01  v 6.2
)) (/usr/local/texlive/2025/texmf-dist/tex/latex/scrhack/scrhack.sty
Package: scrhack 2024-09-04 v3.42 scrhack emulation package
 (/usr/local/texlive/2025/texmf-dist/tex/latex/floatbytocbasic/floatbytocbasic.sty
Package: floatbytocbasic 2023-08-16 v1.0 improved float package using tocbasic
 (/usr/local/texlive/2025/texmf-dist/tex/latex/xpatch/xpatch.sty
Package: xpatch 2020/03/25 v0.3a Extending etoolbox patching commands
)) (/usr/local/texlive/2025/texmf-dist/tex/latex/setspaceenhanced/setspaceenhanced.sty
Package: setspaceenhanced 2024-11-12 v1.04 improved setspace package
)) (/usr/local/texlive/2025/texmf-dist/tex/latex/hyperref/hyperref.sty
Package: hyperref 2024-11-05 v7.01l Hypertext links for LaTeX
 (/usr/local/texlive/2025/texmf-dist/tex/generic/kvdefinekeys/kvdefinekeys.sty
Package: kvdefinekeys 2019-12-19 v1.6 Define keys (HO)
) (/usr/local/texlive/2025/texmf-dist/tex/generic/pdfescape/pdfescape.sty
Package: pdfescape 2019/12/09 v1.15 Implements pdfTeX's escape features (HO)
) (/usr/local/texlive/2025/texmf-dist/tex/latex/hycolor/hycolor.sty
Package: hycolor 2020-01-27 v1.10 Color options for hyperref/bookmark (HO)
) (/usr/local/texlive/2025/texmf-dist/tex/latex/hyperref/nameref.sty
Package: nameref 2023-11-26 v2.56 Cross-referencing by name of section
 (/usr/local/texlive/2025/texmf-dist/tex/latex/refcount/refcount.sty
Package: refcount 2019/12/15 v3.6 Data extraction from label references (HO)
) (/usr/local/texlive/2025/texmf-dist/tex/generic/gettitlestring/gettitlestring.sty
Package: gettitlestring 2019/12/15 v1.6 Cleanup title references (HO)
)
\c@section@level=\count456
) (/usr/local/texlive/2025/texmf-dist/tex/generic/stringenc/stringenc.sty
Package: stringenc 2019/11/29 v1.12 Convert strings between diff. encodings (HO)
)
\@linkdim=\dimen192
\Hy@linkcounter=\count457
\Hy@pagecounter=\count458
 (/usr/local/texlive/2025/texmf-dist/tex/latex/hyperref/pd1enc.def
File: pd1enc.def 2024-11-05 v7.01l Hyperref: PDFDocEncoding definition (HO)
Now handling font encoding PD1 ...
... no UTF-8 mapping file for font encoding PD1
) (/usr/local/texlive/2025/texmf-dist/tex/generic/intcalc/intcalc.sty
Package: intcalc 2019/12/15 v1.3 Expandable calculations with integers (HO)
)
\Hy@SavedSpaceFactor=\count459
 (/usr/local/texlive/2025/texmf-dist/tex/latex/hyperref/puenc.def
File: puenc.def 2024-11-05 v7.01l Hyperref: PDF Unicode definition (HO)
Now handling font encoding PU ...
... no UTF-8 mapping file for font encoding PU
)
Package hyperref Info: Option `bookmarksnumbered' set `true' on input line 4040.
Package hyperref Info: Option `pdfa' set `true' on input line 4040.
Package hyperref Info: Hyper figures OFF on input line 4157.
Package hyperref Info: Link nesting OFF on input line 4162.
Package hyperref Info: Hyper index ON on input line 4165.
Package hyperref Info: Plain pages OFF on input line 4172.
Package hyperref Info: Backreferencing OFF on input line 4177.
Package hyperref Info: Implicit mode ON; LaTeX internals redefined.
Package hyperref Info: Bookmarks ON on input line 4424.
\c@Hy@tempcnt=\count460
LaTeX Info: Redefining \url on input line 4763.
\XeTeXLinkMargin=\dimen193
 (/usr/local/texlive/2025/texmf-dist/tex/generic/bitset/bitset.sty
Package: bitset 2019/12/09 v1.3 Handle bit-vector datatype (HO)
 (/usr/local/texlive/2025/texmf-dist/tex/generic/bigintcalc/bigintcalc.sty
Package: bigintcalc 2019/12/15 v1.5 Expandable calculations on big integers (HO)
))
\Fld@menulength=\count461
\Field@Width=\dimen194
\Fld@charsize=\dimen195
Package hyperref Info: Hyper figures OFF on input line 6042.
Package hyperref Info: Link nesting OFF on input line 6047.
Package hyperref Info: Hyper index ON on input line 6050.
Package hyperref Info: backreferencing OFF on input line 6057.
Package hyperref Info: Link coloring OFF on input line 6062.
Package hyperref Info: Link coloring with OCG OFF on input line 6067.
Package hyperref Info: PDF/A mode ON on input line 6070.
 (/usr/local/texlive/2025/texmf-dist/tex/latex/base/atbegshi-ltx.sty
Package: atbegshi-ltx 2021/01/10 v1.0c Emulation of the original atbegshi
package with kernel methods
)
\Hy@abspage=\count462
\c@Item=\count463
\c@Hfootnote=\count464
)
Package hyperref Info: Driver (autodetected): hpdftex.
 (/usr/local/texlive/2025/texmf-dist/tex/latex/hyperref/hpdftex.def
File: hpdftex.def 2024-11-05 v7.01l Hyperref driver for pdfTeX
 (/usr/local/texlive/2025/texmf-dist/tex/latex/base/atveryend-ltx.sty
Package: atveryend-ltx 2020/08/19 v1.0a Emulation of the original atveryend package
with kernel methods
)
\Fld@listcount=\count465
\c@bookmark@seq@number=\count466
 (/usr/local/texlive/2025/texmf-dist/tex/latex/rerunfilecheck/rerunfilecheck.sty
Package: rerunfilecheck 2022-07-10 v1.10 Rerun checks for auxiliary files (HO)
 (/usr/local/texlive/2025/texmf-dist/tex/generic/uniquecounter/uniquecounter.sty
Package: uniquecounter 2019/12/15 v1.4 Provide unlimited unique counter (HO)
)
Package uniquecounter Info: New unique counter `rerunfilecheck' on input line 285.
)
\Hy@SectionHShift=\skip101
) (/usr/local/texlive/2025/texmf-dist/tex/generic/nth/nth.sty
Package: nth 2002/02/27
) (/usr/local/texlive/2025/texmf-dist/tex/latex/subfigure/subfigure.sty
Package: subfigure 2002/03/15 v2.1.5 subfigure package
\subfigtopskip=\skip102
\subfigcapskip=\skip103
\subfigcaptopadj=\dimen196
\subfigbottomskip=\skip104
\subfigcapmargin=\dimen197
\subfiglabelskip=\skip105
\c@subfigure=\count467
\c@lofdepth=\count468
\c@subtable=\count469
\c@lotdepth=\count470

****************************************
* Local config file subfigure.cfg used *
****************************************
(/usr/local/texlive/2025/texmf-dist/tex/latex/subfigure/subfigure.cfg)
\subfig@top=\skip106
\subfig@bottom=\skip107
) (/usr/local/texlive/2025/texmf-dist/tex/latex/minted/minted.sty
Package: minted 2025/03/06 v3.6.0 Yet another Pygments shim for LaTeX
 (/usr/local/texlive/2025/texmf-dist/tex/generic/catchfile/catchfile.sty
Package: catchfile 2019/12/09 v1.8 Catch the contents of a file (HO)
 (/usr/local/texlive/2025/texmf-dist/tex/generic/etexcmds/etexcmds.sty
Package: etexcmds 2019/12/15 v1.7 Avoid name clashes with e-TeX commands (HO)
)) (/usr/local/texlive/2025/texmf-dist/tex/latex/fvextra/fvextra.sty
Package: fvextra 2025/03/04 v1.12.0 fvextra - extensions and patches for fancyvrb
 (/usr/local/texlive/2025/texmf-dist/tex/latex/fancyvrb/fancyvrb.sty
Package: fancyvrb 2024/01/20 4.5c verbatim text (tvz,hv)
\FV@CodeLineNo=\count471
\FV@InFile=\read4
\FV@TabBox=\box76
\c@FancyVerbLine=\count472
\FV@StepNumber=\count473
\FV@OutFile=\write4
) (/usr/local/texlive/2025/texmf-dist/tex/latex/upquote/upquote.sty
Package: upquote 2012/04/19 v1.3 upright-quote and grave-accent glyphs in verbatim
) (/usr/local/texlive/2025/texmf-dist/tex/latex/lineno/lineno.sty
Package: lineno 2025/01/29 line numbers on paragraphs v5.4
\linenopenalty=\count474
\output=\toks41
\linenoprevgraf=\count475
\linenumbersep=\dimen198
\linenumberwidth=\dimen199
\c@linenumber=\count476
\c@pagewiselinenumber=\count477
\c@LN@truepage=\count478
\c@internallinenumber=\count479
\c@internallinenumbers=\count480
\quotelinenumbersep=\dimen256
\bframerule=\dimen257
\bframesep=\dimen258
\bframebox=\box77
\@LN@amsmath@ams@eqpen=\count481


LaTeX Warning: Command \@parboxrestore  has changed.
               Check if current package is valid.

LaTeX Info: Redefining \\ on input line 3187.
)

Package fvextra Warning: csquotes should be loaded after fvextra, to avoid a warning from the lineno package on input line 37.

\c@FancyVerbWriteLine=\count482
\c@FancyVerbBufferLine=\count483
\c@FV@TrueTabGroupLevel=\count484
\c@FV@TrueTabCounter=\count485
\FV@TabBox@Group=\box78
\FV@bgcolorstructbox=\box79
\FV@TmpLength=\skip108
\c@FV@HighlightLinesStart=\count486
\c@FV@HighlightLinesStop=\count487
\FV@LoopCount=\count488
\FV@NCharsBox=\box80
\FV@BreakIndent=\dimen259
\FV@BreakIndentNChars=\count489
\FV@BreakSymbolSepLeft=\dimen260
\FV@BreakSymbolSepLeftNChars=\count490
\FV@BreakSymbolSepRight=\dimen261
\FV@BreakSymbolSepRightNChars=\count491
\FV@BreakSymbolIndentLeft=\dimen262
\FV@BreakSymbolIndentLeftNChars=\count492
\FV@BreakSymbolIndentRight=\dimen263
\FV@BreakSymbolIndentRightNChars=\count493
\c@FancyVerbLineBreakLast=\count494
\FV@LineBox=\box81
\FV@LineIndentBox=\box82
\c@FV@BreakBufferDepth=\count495
\FV@LineWidth=\dimen264
) (/usr/local/texlive/2025/texmf-dist/tex/latex/latex2pydata/latex2pydata.sty
Package: latex2pydata 2025/03/03 v0.5.0 latex2pydata - write data to file in Python literal format
) (/usr/local/texlive/2025/texmf-dist/tex/latex/pgf/utilities/pgfkeys.sty (/usr/local/texlive/2025/texmf-dist/tex/generic/pgf/utilities/pgfkeys.code.tex
\pgfkeys@pathtoks=\toks42
\pgfkeys@temptoks=\toks43
 (/usr/local/texlive/2025/texmf-dist/tex/generic/pgf/utilities/pgfkeyslibraryfiltered.code.tex
\pgfkeys@tmptoks=\toks44
))) (/usr/local/texlive/2025/texmf-dist/tex/latex/pgfopts/pgfopts.sty
Package: pgfopts 2014/07/10 v2.1a LaTeX package options with pgfkeys
\pgfopts@list@add@a@toks=\toks45
\pgfopts@list@add@b@toks=\toks46
) (/usr/local/texlive/2025/texmf-dist/tex/latex/tools/shellesc.sty
Package: shellesc 2023/07/08 v1.0d unified shell escape interface for LaTeX
Package shellesc Info: Restricted shell escape enabled on input line 77.
) (/usr/local/texlive/2025/texmf-dist/tex/latex/newfloat/newfloat.sty
Package: newfloat 2023/10/01 v1.2 Defining new floating environments (AR)
Package newfloat Info: `wrapfig' package detected.
)
\c@minted@FancyVerbLineTemp=\count496
Package newfloat Info: New float `listing' with options `fileext=lol,placement=tbp' on input line 1939.
\c@listing=\count497
Package newfloat Info: float type `listing'=4 on input line 1939.
\c@loldepth=\count498
Package tocbasic Info: setting babel extension for `lol' on input line 1939.
) (/usr/local/texlive/2025/texmf-dist/tex/latex/caption/caption.sty
Package: caption 2023/08/05 v3.6o Customizing captions (AR)
 (/usr/local/texlive/2025/texmf-dist/tex/latex/caption/caption3.sty
Package: caption3 2023/07/31 v2.4d caption3 kernel (AR)
\caption@tempdima=\dimen265
\captionmargin=\dimen266
\caption@leftmargin=\dimen267
\caption@rightmargin=\dimen268
\caption@width=\dimen269
\caption@indent=\dimen270
\caption@parindent=\dimen271
\caption@hangindent=\dimen272
Package caption Info: KOMA-Script document class detected.
 (/usr/local/texlive/2025/texmf-dist/tex/latex/caption/caption-koma.sto
File: caption-koma.sto 2023/09/08 v2.0e Adaption of the caption package to the KOMA-Script document classes (AR)
))
\c@caption@flags=\count499
\c@continuedfloat=\count500
Package caption Info: float package is loaded.
Package caption Info: hyperref package is loaded.
Package caption Info: KOMA-Script scrextend package detected.
\caption@addmargin@hsize=\dimen273
\caption@addmargin@linewidth=\dimen274
Package caption Info: subfigure package is loaded.
Package caption Info: wrapfig package is loaded.
) (/usr/local/texlive/2025/texmf-dist/tex/latex/mwe/mwe.sty
Package: mwe 2018/03/30 v0.5 Package to support minimal working examples (MWE)
 (/usr/local/texlive/2025/texmf-dist/tex/latex/lipsum/lipsum.sty (/usr/local/texlive/2025/texmf-dist/tex/latex/l3packages/l3keys2e/l3keys2e.sty
Package: l3keys2e 2024-08-16 LaTeX2e option processing using LaTeX3 keys
)
Package: lipsum 2021-09-20 v2.7 150 paragraphs of Lorem Ipsum dummy text
\g__lipsum_par_int=\count501
\l__lipsum_a_int=\count502
\l__lipsum_b_int=\count503
 (/usr/local/texlive/2025/texmf-dist/tex/latex/lipsum/lipsum.ltd.tex)) (/usr/local/texlive/2025/texmf-dist/tex/latex/blindtext/blindtext.sty
Package: blindtext 2012/01/06 V2.0 blindtext-Package
 (/usr/local/texlive/2025/texmf-dist/tex/latex/tools/xspace.sty
Package: xspace 2014/10/28 v1.13 Space after command names (DPC,MH)
)
\c@blindtext=\count504
\c@Blindtext=\count505
\c@blind@countparstart=\count506
\blind@countxx=\count507
\blindtext@numBlindtext=\count508
\blind@countyy=\count509
\c@blindlist=\count510
\c@blindlistlevel=\count511
\c@blindlist@level=\count512
\blind@listitem=\count513
\c@blind@listcount=\count514
\c@blind@levelcount=\count515
\blind@mathformula=\count516
\blind@Mathformula=\count517
\c@blind@randomcount=\count518
\c@blind@randommax=\count519
\c@blind@pangramcount=\count520
\c@blind@pangrammax=\count521
)) (/usr/local/texlive/2025/texmf-dist/tex/latex/accsupp/accsupp.sty
Package: accsupp 2019/12/05 v0.6 Accessibility support by marked content (HO)
 (/usr/local/texlive/2025/texmf-dist/tex/latex/accsupp/accsupp-pdftex.def
File: accsupp-pdftex.def 2019/12/05 v0.6 accsupp driver for pdfTeX (HO)
)) (/usr/local/texlive/2025/texmf-dist/tex/latex/cmap/cmap.sty
Package: cmap 2021/02/06 v1.0j CMap support: searchable PDF


Package cmap Warning: fontenc already loaded - some fonts may be unprocessed.

) (/usr/local/texlive/2025/texmf-dist/tex/latex/pdfx/pdfx.sty
Package: pdfx 2024/06/24 v1.6.5f PDF/X and PDF/A support (CVR/HTH/RRM/PS)
\pdfx@minorversion=\count522
\pdfx@majorversion=\count523
 (/usr/local/texlive/2025/texmf-dist/tex/generic/iftex/ifpdf.sty
Package: ifpdf 2019/10/25 v3.4 ifpdf legacy package. Use iftex instead.
) (/usr/local/texlive/2025/texmf-dist/tex/latex/everyshi/everyshi.sty
Package: everyshi 2020/11/18 v4.00 EveryShipout Package
){/usr/local/texlive/2025/texmf-var/fonts/map/pdftex/updmap/pdftex.map} (/usr/local/texlive/2025/texmf-dist/tex/latex/pdfx/l8u-penc.def
File: l8u-penc.def 2017/06/23 v0.8 Custom LaTeX file, for UTF8 encoded letters and symbols
LaTeX Info: Composite with undeclared \b in encoding L8U on input line 278.
)
\pdfxsafeforxmp@toks=\toks47
\pdfx@tmptoks=\toks48


Package hyperref Warning: Option `pdftex' has already been used,
(hyperref)                setting the option has no effect on input line 1532.

Package hyperref Info: Option `psdextra' set `true' on input line 1535.
(/usr/local/texlive/2025/texmf-dist/tex/latex/hyperref/psdextra.def
File: psdextra.def 2024-11-05 v7.01l Hyperref: Additions to PDF string support
) (/usr/local/texlive/2025/texmf-dist/tex/generic/colorprofiles/colorprofiles.sty
Package: colorprofiles 2018/11/01 v1.0.1 color profiles for PDF/X and PDF/A support
 (/usr/local/texlive/2025/texmf-dist/tex/generic/colorprofiles/colorprofiles.tex)) (/usr/local/texlive/2025/texmf-dist/tex/latex/pdfx/AdobeColorProfiles.tex) (/usr/local/texlive/2025/texmf-dist/tex/latex/pdfx/8bit.def
File: 8bit.def 2008/03/30 v1.1d Input encoding file
)
** pdfx: Metadata file main.xmpdata read successfully.
(./main.xmpdata)<<sRGB.icc>> (/usr/local/texlive/2025/texmf-dist/tex/latex/pdfx/8bit.def
File: 8bit.def 2008/03/30 v1.1d Input encoding file
) (/usr/local/texlive/2025/texmf-dist/tex/latex/pdfx/8bit.def
File: 8bit.def 2008/03/30 v1.1d Input encoding file
) (/usr/local/texlive/2025/texmf-dist/tex/generic/stringenc/se-utf8.def
File: se-utf8.def 2019/11/29 v1.12 stringenc: UTF-8
) (/usr/local/texlive/2025/texmf-dist/tex/latex/pdfx/8bit.def
File: 8bit.def 2008/03/30 v1.1d Input encoding file
) (/usr/local/texlive/2025/texmf-dist/tex/latex/pdfx/8bit.def
File: 8bit.def 2008/03/30 v1.1d Input encoding file
) (/usr/local/texlive/2025/texmf-dist/tex/latex/pdfx/8bit.def
File: 8bit.def 2008/03/30 v1.1d Input encoding file
) (/usr/local/texlive/2025/texmf-dist/tex/generic/pdftex/glyphtounicode.tex) (/usr/local/texlive/2025/texmf-dist/tex/latex/pdfx/glyphtounicode-cmr.tex) (/usr/local/texlive/2025/texmf-dist/tex/latex/pdfx/glyphtounicode-ntx.tex) (/usr/local/texlive/2025/texmf-dist/tex/latex/xmpincl/xmpincl.sty
Package: xmpincl 2021/09/22 v2.4 Include XMP data in pdflatex
) (/usr/local/texlive/2025/texmf-dist/tex/latex/pdfx/8bit.def
File: 8bit.def 2008/03/30 v1.1d Input encoding file
)
Using XMP template file: pdfa.xmp
\xmpinclWrite=\write5
\xmpinclRead=\read5
\openout5 = `pdfa.xmpi'.

<<pdfa.xmpi>>

Package pdfx Warning: Setting all color commands to rgb,
consistent with the Color Model for PDF/A  on input line 3126.

) (/usr/local/texlive/2025/texmf-dist/tex/latex/base/utf8.def
File: utf8.def 2022/06/07 v1.3c UTF-8 support
Now handling font encoding OML ...
... no UTF-8 mapping file for font encoding OML
Now handling font encoding OMS ...
... processing UTF-8 mapping file for font encoding OMS
 (/usr/local/texlive/2025/texmf-dist/tex/latex/base/omsenc.dfu
File: omsenc.dfu 2022/06/07 v1.3c UTF-8 support
   defining Unicode char U+00A7 (decimal 167)
   defining Unicode char U+00B6 (decimal 182)
   defining Unicode char U+00B7 (decimal 183)
   defining Unicode char U+2020 (decimal 8224)
   defining Unicode char U+2021 (decimal 8225)
   defining Unicode char U+2022 (decimal 8226)
)
Now handling font encoding OT1 ...
... processing UTF-8 mapping file for font encoding OT1
 (/usr/local/texlive/2025/texmf-dist/tex/latex/base/ot1enc.dfu
File: ot1enc.dfu 2022/06/07 v1.3c UTF-8 support
   defining Unicode char U+00A0 (decimal 160)
   defining Unicode char U+00A1 (decimal 161)
   defining Unicode char U+00A3 (decimal 163)
   defining Unicode char U+00AD (decimal 173)
   defining Unicode char U+00B8 (decimal 184)
   defining Unicode char U+00BF (decimal 191)
   defining Unicode char U+00C5 (decimal 197)
   defining Unicode char U+00C6 (decimal 198)
   defining Unicode char U+00D8 (decimal 216)
   defining Unicode char U+00DF (decimal 223)
   defining Unicode char U+00E6 (decimal 230)
   defining Unicode char U+00EC (decimal 236)
   defining Unicode char U+00ED (decimal 237)
   defining Unicode char U+00EE (decimal 238)
   defining Unicode char U+00EF (decimal 239)
   defining Unicode char U+00F8 (decimal 248)
   defining Unicode char U+0131 (decimal 305)
   defining Unicode char U+0141 (decimal 321)
   defining Unicode char U+0142 (decimal 322)
   defining Unicode char U+0152 (decimal 338)
   defining Unicode char U+0153 (decimal 339)
   defining Unicode char U+0174 (decimal 372)
   defining Unicode char U+0175 (decimal 373)
   defining Unicode char U+0176 (decimal 374)
   defining Unicode char U+0177 (decimal 375)
   defining Unicode char U+0218 (decimal 536)
   defining Unicode char U+0219 (decimal 537)
   defining Unicode char U+021A (decimal 538)
   defining Unicode char U+021B (decimal 539)
   defining Unicode char U+0237 (decimal 567)
   defining Unicode char U+2013 (decimal 8211)
   defining Unicode char U+2014 (decimal 8212)
   defining Unicode char U+2018 (decimal 8216)
   defining Unicode char U+2019 (decimal 8217)
   defining Unicode char U+201C (decimal 8220)
   defining Unicode char U+201D (decimal 8221)
   defining Unicode char U+FB00 (decimal 64256)
   defining Unicode char U+FB01 (decimal 64257)
   defining Unicode char U+FB02 (decimal 64258)
   defining Unicode char U+FB03 (decimal 64259)
   defining Unicode char U+FB04 (decimal 64260)
   defining Unicode char U+FB05 (decimal 64261)
   defining Unicode char U+FB06 (decimal 64262)
)
Now handling font encoding T1 ...
... processing UTF-8 mapping file for font encoding T1
 (/usr/local/texlive/2025/texmf-dist/tex/latex/base/t1enc.dfu
File: t1enc.dfu 2022/06/07 v1.3c UTF-8 support
   defining Unicode char U+00A0 (decimal 160)
   defining Unicode char U+00A1 (decimal 161)
   defining Unicode char U+00A3 (decimal 163)
   defining Unicode char U+00AB (decimal 171)
   defining Unicode char U+00AD (decimal 173)
   defining Unicode char U+00BB (decimal 187)
   defining Unicode char U+00BF (decimal 191)
   defining Unicode char U+00C0 (decimal 192)
   defining Unicode char U+00C1 (decimal 193)
   defining Unicode char U+00C2 (decimal 194)
   defining Unicode char U+00C3 (decimal 195)
   defining Unicode char U+00C4 (decimal 196)
   defining Unicode char U+00C5 (decimal 197)
   defining Unicode char U+00C6 (decimal 198)
   defining Unicode char U+00C7 (decimal 199)
   defining Unicode char U+00C8 (decimal 200)
   defining Unicode char U+00C9 (decimal 201)
   defining Unicode char U+00CA (decimal 202)
   defining Unicode char U+00CB (decimal 203)
   defining Unicode char U+00CC (decimal 204)
   defining Unicode char U+00CD (decimal 205)
   defining Unicode char U+00CE (decimal 206)
   defining Unicode char U+00CF (decimal 207)
   defining Unicode char U+00D0 (decimal 208)
   defining Unicode char U+00D1 (decimal 209)
   defining Unicode char U+00D2 (decimal 210)
   defining Unicode char U+00D3 (decimal 211)
   defining Unicode char U+00D4 (decimal 212)
   defining Unicode char U+00D5 (decimal 213)
   defining Unicode char U+00D6 (decimal 214)
   defining Unicode char U+00D8 (decimal 216)
   defining Unicode char U+00D9 (decimal 217)
   defining Unicode char U+00DA (decimal 218)
   defining Unicode char U+00DB (decimal 219)
   defining Unicode char U+00DC (decimal 220)
   defining Unicode char U+00DD (decimal 221)
   defining Unicode char U+00DE (decimal 222)
   defining Unicode char U+00DF (decimal 223)
   defining Unicode char U+00E0 (decimal 224)
   defining Unicode char U+00E1 (decimal 225)
   defining Unicode char U+00E2 (decimal 226)
   defining Unicode char U+00E3 (decimal 227)
   defining Unicode char U+00E4 (decimal 228)
   defining Unicode char U+00E5 (decimal 229)
   defining Unicode char U+00E6 (decimal 230)
   defining Unicode char U+00E7 (decimal 231)
   defining Unicode char U+00E8 (decimal 232)
   defining Unicode char U+00E9 (decimal 233)
   defining Unicode char U+00EA (decimal 234)
   defining Unicode char U+00EB (decimal 235)
   defining Unicode char U+00EC (decimal 236)
   defining Unicode char U+00ED (decimal 237)
   defining Unicode char U+00EE (decimal 238)
   defining Unicode char U+00EF (decimal 239)
   defining Unicode char U+00F0 (decimal 240)
   defining Unicode char U+00F1 (decimal 241)
   defining Unicode char U+00F2 (decimal 242)
   defining Unicode char U+00F3 (decimal 243)
   defining Unicode char U+00F4 (decimal 244)
   defining Unicode char U+00F5 (decimal 245)
   defining Unicode char U+00F6 (decimal 246)
   defining Unicode char U+00F8 (decimal 248)
   defining Unicode char U+00F9 (decimal 249)
   defining Unicode char U+00FA (decimal 250)
   defining Unicode char U+00FB (decimal 251)
   defining Unicode char U+00FC (decimal 252)
   defining Unicode char U+00FD (decimal 253)
   defining Unicode char U+00FE (decimal 254)
   defining Unicode char U+00FF (decimal 255)
   defining Unicode char U+0100 (decimal 256)
   defining Unicode char U+0101 (decimal 257)
   defining Unicode char U+0102 (decimal 258)
   defining Unicode char U+0103 (decimal 259)
   defining Unicode char U+0104 (decimal 260)
   defining Unicode char U+0105 (decimal 261)
   defining Unicode char U+0106 (decimal 262)
   defining Unicode char U+0107 (decimal 263)
   defining Unicode char U+0108 (decimal 264)
   defining Unicode char U+0109 (decimal 265)
   defining Unicode char U+010A (decimal 266)
   defining Unicode char U+010B (decimal 267)
   defining Unicode char U+010C (decimal 268)
   defining Unicode char U+010D (decimal 269)
   defining Unicode char U+010E (decimal 270)
   defining Unicode char U+010F (decimal 271)
   defining Unicode char U+0110 (decimal 272)
   defining Unicode char U+0111 (decimal 273)
   defining Unicode char U+0112 (decimal 274)
   defining Unicode char U+0113 (decimal 275)
   defining Unicode char U+0114 (decimal 276)
   defining Unicode char U+0115 (decimal 277)
   defining Unicode char U+0116 (decimal 278)
   defining Unicode char U+0117 (decimal 279)
   defining Unicode char U+0118 (decimal 280)
   defining Unicode char U+0119 (decimal 281)
   defining Unicode char U+011A (decimal 282)
   defining Unicode char U+011B (decimal 283)
   defining Unicode char U+011C (decimal 284)
   defining Unicode char U+011D (decimal 285)
   defining Unicode char U+011E (decimal 286)
   defining Unicode char U+011F (decimal 287)
   defining Unicode char U+0120 (decimal 288)
   defining Unicode char U+0121 (decimal 289)
   defining Unicode char U+0122 (decimal 290)
   defining Unicode char U+0123 (decimal 291)
   defining Unicode char U+0124 (decimal 292)
   defining Unicode char U+0125 (decimal 293)
   defining Unicode char U+0128 (decimal 296)
   defining Unicode char U+0129 (decimal 297)
   defining Unicode char U+012A (decimal 298)
   defining Unicode char U+012B (decimal 299)
   defining Unicode char U+012C (decimal 300)
   defining Unicode char U+012D (decimal 301)
   defining Unicode char U+012E (decimal 302)
   defining Unicode char U+012F (decimal 303)
   defining Unicode char U+0130 (decimal 304)
   defining Unicode char U+0131 (decimal 305)
   defining Unicode char U+0132 (decimal 306)
   defining Unicode char U+0133 (decimal 307)
   defining Unicode char U+0134 (decimal 308)
   defining Unicode char U+0135 (decimal 309)
   defining Unicode char U+0136 (decimal 310)
   defining Unicode char U+0137 (decimal 311)
   defining Unicode char U+0139 (decimal 313)
   defining Unicode char U+013A (decimal 314)
   defining Unicode char U+013B (decimal 315)
   defining Unicode char U+013C (decimal 316)
   defining Unicode char U+013D (decimal 317)
   defining Unicode char U+013E (decimal 318)
   defining Unicode char U+0141 (decimal 321)
   defining Unicode char U+0142 (decimal 322)
   defining Unicode char U+0143 (decimal 323)
   defining Unicode char U+0144 (decimal 324)
   defining Unicode char U+0145 (decimal 325)
   defining Unicode char U+0146 (decimal 326)
   defining Unicode char U+0147 (decimal 327)
   defining Unicode char U+0148 (decimal 328)
   defining Unicode char U+014A (decimal 330)
   defining Unicode char U+014B (decimal 331)
   defining Unicode char U+014C (decimal 332)
   defining Unicode char U+014D (decimal 333)
   defining Unicode char U+014E (decimal 334)
   defining Unicode char U+014F (decimal 335)
   defining Unicode char U+0150 (decimal 336)
   defining Unicode char U+0151 (decimal 337)
   defining Unicode char U+0152 (decimal 338)
   defining Unicode char U+0153 (decimal 339)
   defining Unicode char U+0154 (decimal 340)
   defining Unicode char U+0155 (decimal 341)
   defining Unicode char U+0156 (decimal 342)
   defining Unicode char U+0157 (decimal 343)
   defining Unicode char U+0158 (decimal 344)
   defining Unicode char U+0159 (decimal 345)
   defining Unicode char U+015A (decimal 346)
   defining Unicode char U+015B (decimal 347)
   defining Unicode char U+015C (decimal 348)
   defining Unicode char U+015D (decimal 349)
   defining Unicode char U+015E (decimal 350)
   defining Unicode char U+015F (decimal 351)
   defining Unicode char U+0160 (decimal 352)
   defining Unicode char U+0161 (decimal 353)
   defining Unicode char U+0162 (decimal 354)
   defining Unicode char U+0163 (decimal 355)
   defining Unicode char U+0164 (decimal 356)
   defining Unicode char U+0165 (decimal 357)
   defining Unicode char U+0168 (decimal 360)
   defining Unicode char U+0169 (decimal 361)
   defining Unicode char U+016A (decimal 362)
   defining Unicode char U+016B (decimal 363)
   defining Unicode char U+016C (decimal 364)
   defining Unicode char U+016D (decimal 365)
   defining Unicode char U+016E (decimal 366)
   defining Unicode char U+016F (decimal 367)
   defining Unicode char U+0170 (decimal 368)
   defining Unicode char U+0171 (decimal 369)
   defining Unicode char U+0172 (decimal 370)
   defining Unicode char U+0173 (decimal 371)
   defining Unicode char U+0174 (decimal 372)
   defining Unicode char U+0175 (decimal 373)
   defining Unicode char U+0176 (decimal 374)
   defining Unicode char U+0177 (decimal 375)
   defining Unicode char U+0178 (decimal 376)
   defining Unicode char U+0179 (decimal 377)
   defining Unicode char U+017A (decimal 378)
   defining Unicode char U+017B (decimal 379)
   defining Unicode char U+017C (decimal 380)
   defining Unicode char U+017D (decimal 381)
   defining Unicode char U+017E (decimal 382)
   defining Unicode char U+01C4 (decimal 452)
   defining Unicode char U+01C5 (decimal 453)
   defining Unicode char U+01C6 (decimal 454)
   defining Unicode char U+01C7 (decimal 455)
   defining Unicode char U+01C8 (decimal 456)
   defining Unicode char U+01C9 (decimal 457)
   defining Unicode char U+01CA (decimal 458)
   defining Unicode char U+01CB (decimal 459)
   defining Unicode char U+01CC (decimal 460)
   defining Unicode char U+01CD (decimal 461)
   defining Unicode char U+01CE (decimal 462)
   defining Unicode char U+01CF (decimal 463)
   defining Unicode char U+01D0 (decimal 464)
   defining Unicode char U+01D1 (decimal 465)
   defining Unicode char U+01D2 (decimal 466)
   defining Unicode char U+01D3 (decimal 467)
   defining Unicode char U+01D4 (decimal 468)
   defining Unicode char U+01E2 (decimal 482)
   defining Unicode char U+01E3 (decimal 483)
   defining Unicode char U+01E6 (decimal 486)
   defining Unicode char U+01E7 (decimal 487)
   defining Unicode char U+01E8 (decimal 488)
   defining Unicode char U+01E9 (decimal 489)
   defining Unicode char U+01EA (decimal 490)
   defining Unicode char U+01EB (decimal 491)
   defining Unicode char U+01F0 (decimal 496)
   defining Unicode char U+01F4 (decimal 500)
   defining Unicode char U+01F5 (decimal 501)
   defining Unicode char U+0218 (decimal 536)
   defining Unicode char U+0219 (decimal 537)
   defining Unicode char U+021A (decimal 538)
   defining Unicode char U+021B (decimal 539)
   defining Unicode char U+0232 (decimal 562)
   defining Unicode char U+0233 (decimal 563)
   defining Unicode char U+0237 (decimal 567)
   defining Unicode char U+02D9 (decimal 729)
   defining Unicode char U+02DB (decimal 731)
   defining Unicode char U+1E02 (decimal 7682)
   defining Unicode char U+1E03 (decimal 7683)
   defining Unicode char U+1E0D (decimal 7693)
   defining Unicode char U+1E1E (decimal 7710)
   defining Unicode char U+1E1F (decimal 7711)
   defining Unicode char U+1E25 (decimal 7717)
   defining Unicode char U+1E30 (decimal 7728)
   defining Unicode char U+1E31 (decimal 7729)
   defining Unicode char U+1E37 (decimal 7735)
   defining Unicode char U+1E8E (decimal 7822)
   defining Unicode char U+1E8F (decimal 7823)
   defining Unicode char U+1E43 (decimal 7747)
   defining Unicode char U+1E45 (decimal 7749)
   defining Unicode char U+1E47 (decimal 7751)
   defining Unicode char U+1E5B (decimal 7771)
   defining Unicode char U+1E63 (decimal 7779)
   defining Unicode char U+1E6D (decimal 7789)
   defining Unicode char U+1E90 (decimal 7824)
   defining Unicode char U+1E91 (decimal 7825)
   defining Unicode char U+1E9E (decimal 7838)
   defining Unicode char U+1EF2 (decimal 7922)
   defining Unicode char U+1EF3 (decimal 7923)
   defining Unicode char U+200C (decimal 8204)
   defining Unicode char U+2010 (decimal 8208)
   defining Unicode char U+2011 (decimal 8209)
   defining Unicode char U+2012 (decimal 8210)
   defining Unicode char U+2013 (decimal 8211)
   defining Unicode char U+2014 (decimal 8212)
   defining Unicode char U+2015 (decimal 8213)
   defining Unicode char U+2018 (decimal 8216)
   defining Unicode char U+2019 (decimal 8217)
   defining Unicode char U+201A (decimal 8218)
   defining Unicode char U+201C (decimal 8220)
   defining Unicode char U+201D (decimal 8221)
   defining Unicode char U+201E (decimal 8222)
   defining Unicode char U+2030 (decimal 8240)
   defining Unicode char U+2031 (decimal 8241)
   defining Unicode char U+2039 (decimal 8249)
   defining Unicode char U+203A (decimal 8250)
   defining Unicode char U+2423 (decimal 9251)
   defining Unicode char U+1E20 (decimal 7712)
   defining Unicode char U+1E21 (decimal 7713)
   defining Unicode char U+FB00 (decimal 64256)
   defining Unicode char U+FB01 (decimal 64257)
   defining Unicode char U+FB02 (decimal 64258)
   defining Unicode char U+FB03 (decimal 64259)
   defining Unicode char U+FB04 (decimal 64260)
   defining Unicode char U+FB05 (decimal 64261)
   defining Unicode char U+FB06 (decimal 64262)
)
Now handling font encoding TS1 ...
... processing UTF-8 mapping file for font encoding TS1
 (/usr/local/texlive/2025/texmf-dist/tex/latex/base/ts1enc.dfu
File: ts1enc.dfu 2022/06/07 v1.3c UTF-8 support
   defining Unicode char U+00A2 (decimal 162)
   defining Unicode char U+00A3 (decimal 163)
   defining Unicode char U+00A4 (decimal 164)
   defining Unicode char U+00A5 (decimal 165)
   defining Unicode char U+00A6 (decimal 166)
   defining Unicode char U+00A7 (decimal 167)
   defining Unicode char U+00A8 (decimal 168)
   defining Unicode char U+00A9 (decimal 169)
   defining Unicode char U+00AA (decimal 170)
   defining Unicode char U+00AC (decimal 172)
   defining Unicode char U+00AE (decimal 174)
   defining Unicode char U+00AF (decimal 175)
   defining Unicode char U+00B0 (decimal 176)
   defining Unicode char U+00B1 (decimal 177)
   defining Unicode char U+00B2 (decimal 178)
   defining Unicode char U+00B3 (decimal 179)
   defining Unicode char U+00B4 (decimal 180)
   defining Unicode char U+00B5 (decimal 181)
   defining Unicode char U+00B6 (decimal 182)
   defining Unicode char U+00B7 (decimal 183)
   defining Unicode char U+00B9 (decimal 185)
   defining Unicode char U+00BA (decimal 186)
   defining Unicode char U+00BC (decimal 188)
   defining Unicode char U+00BD (decimal 189)
   defining Unicode char U+00BE (decimal 190)
   defining Unicode char U+00D7 (decimal 215)
   defining Unicode char U+00F7 (decimal 247)
   defining Unicode char U+0192 (decimal 402)
   defining Unicode char U+02C7 (decimal 711)
   defining Unicode char U+02D8 (decimal 728)
   defining Unicode char U+02DD (decimal 733)
   defining Unicode char U+0E3F (decimal 3647)
   defining Unicode char U+2016 (decimal 8214)
   defining Unicode char U+2020 (decimal 8224)
   defining Unicode char U+2021 (decimal 8225)
   defining Unicode char U+2022 (decimal 8226)
   defining Unicode char U+2030 (decimal 8240)
   defining Unicode char U+2031 (decimal 8241)
   defining Unicode char U+203B (decimal 8251)
   defining Unicode char U+203D (decimal 8253)
   defining Unicode char U+2044 (decimal 8260)
   defining Unicode char U+204E (decimal 8270)
   defining Unicode char U+2052 (decimal 8274)
   defining Unicode char U+20A1 (decimal 8353)
   defining Unicode char U+20A4 (decimal 8356)
   defining Unicode char U+20A6 (decimal 8358)
   defining Unicode char U+20A9 (decimal 8361)
   defining Unicode char U+20AB (decimal 8363)
   defining Unicode char U+20AC (decimal 8364)
   defining Unicode char U+20B1 (decimal 8369)
   defining Unicode char U+2103 (decimal 8451)
   defining Unicode char U+2116 (decimal 8470)
   defining Unicode char U+2117 (decimal 8471)
   defining Unicode char U+211E (decimal 8478)
   defining Unicode char U+2120 (decimal 8480)
   defining Unicode char U+2122 (decimal 8482)
   defining Unicode char U+2126 (decimal 8486)
   defining Unicode char U+2127 (decimal 8487)
   defining Unicode char U+212E (decimal 8494)
   defining Unicode char U+2190 (decimal 8592)
   defining Unicode char U+2191 (decimal 8593)
   defining Unicode char U+2192 (decimal 8594)
   defining Unicode char U+2193 (decimal 8595)
   defining Unicode char U+2329 (decimal 9001)
   defining Unicode char U+3008 (decimal 12296)
   defining Unicode char U+232A (decimal 9002)
   defining Unicode char U+3009 (decimal 12297)
   defining Unicode char U+2422 (decimal 9250)
   defining Unicode char U+25E6 (decimal 9702)
   defining Unicode char U+25EF (decimal 9711)
   defining Unicode char U+266A (decimal 9834)
   defining Unicode char U+27E8 (decimal 10216)
   defining Unicode char U+27E9 (decimal 10217)
   defining Unicode char U+FEFF (decimal 65279)
)
Now handling font encoding OMX ...
... no UTF-8 mapping file for font encoding OMX
Now handling font encoding U ...
... no UTF-8 mapping file for font encoding U
Now handling font encoding T2A ...
... processing UTF-8 mapping file for font encoding T2A
 (/usr/local/texlive/2025/texmf-dist/tex/latex/base/t2aenc.dfu
File: t2aenc.dfu 2022/06/07 v1.3c UTF-8 support
   defining Unicode char U+00A4 (decimal 164)
   defining Unicode char U+00A7 (decimal 167)
   defining Unicode char U+00AB (decimal 171)
   defining Unicode char U+00BB (decimal 187)
   defining Unicode char U+0131 (decimal 305)
   defining Unicode char U+0237 (decimal 567)
   defining Unicode char U+0400 (decimal 1024)
   defining Unicode char U+0401 (decimal 1025)
   defining Unicode char U+0402 (decimal 1026)
   defining Unicode char U+0403 (decimal 1027)
   defining Unicode char U+0404 (decimal 1028)
   defining Unicode char U+0405 (decimal 1029)
   defining Unicode char U+0406 (decimal 1030)
   defining Unicode char U+0407 (decimal 1031)
   defining Unicode char U+0408 (decimal 1032)
   defining Unicode char U+0409 (decimal 1033)
   defining Unicode char U+040A (decimal 1034)
   defining Unicode char U+040B (decimal 1035)
   defining Unicode char U+040C (decimal 1036)
   defining Unicode char U+040D (decimal 1037)
   defining Unicode char U+040E (decimal 1038)
   defining Unicode char U+040F (decimal 1039)
   defining Unicode char U+0410 (decimal 1040)
   defining Unicode char U+0411 (decimal 1041)
   defining Unicode char U+0412 (decimal 1042)
   defining Unicode char U+0413 (decimal 1043)
   defining Unicode char U+0414 (decimal 1044)
   defining Unicode char U+0415 (decimal 1045)
   defining Unicode char U+0416 (decimal 1046)
   defining Unicode char U+0417 (decimal 1047)
   defining Unicode char U+0418 (decimal 1048)
   defining Unicode char U+0419 (decimal 1049)
   defining Unicode char U+041A (decimal 1050)
   defining Unicode char U+041B (decimal 1051)
   defining Unicode char U+041C (decimal 1052)
   defining Unicode char U+041D (decimal 1053)
   defining Unicode char U+041E (decimal 1054)
   defining Unicode char U+041F (decimal 1055)
   defining Unicode char U+0420 (decimal 1056)
   defining Unicode char U+0421 (decimal 1057)
   defining Unicode char U+0422 (decimal 1058)
   defining Unicode char U+0423 (decimal 1059)
   defining Unicode char U+0424 (decimal 1060)
   defining Unicode char U+0425 (decimal 1061)
   defining Unicode char U+0426 (decimal 1062)
   defining Unicode char U+0427 (decimal 1063)
   defining Unicode char U+0428 (decimal 1064)
   defining Unicode char U+0429 (decimal 1065)
   defining Unicode char U+042A (decimal 1066)
   defining Unicode char U+042B (decimal 1067)
   defining Unicode char U+042C (decimal 1068)
   defining Unicode char U+042D (decimal 1069)
   defining Unicode char U+042E (decimal 1070)
   defining Unicode char U+042F (decimal 1071)
   defining Unicode char U+0430 (decimal 1072)
   defining Unicode char U+0431 (decimal 1073)
   defining Unicode char U+0432 (decimal 1074)
   defining Unicode char U+0433 (decimal 1075)
   defining Unicode char U+0434 (decimal 1076)
   defining Unicode char U+0435 (decimal 1077)
   defining Unicode char U+0436 (decimal 1078)
   defining Unicode char U+0437 (decimal 1079)
   defining Unicode char U+0438 (decimal 1080)
   defining Unicode char U+0439 (decimal 1081)
   defining Unicode char U+043A (decimal 1082)
   defining Unicode char U+043B (decimal 1083)
   defining Unicode char U+043C (decimal 1084)
   defining Unicode char U+043D (decimal 1085)
   defining Unicode char U+043E (decimal 1086)
   defining Unicode char U+043F (decimal 1087)
   defining Unicode char U+0440 (decimal 1088)
   defining Unicode char U+0441 (decimal 1089)
   defining Unicode char U+0442 (decimal 1090)
   defining Unicode char U+0443 (decimal 1091)
   defining Unicode char U+0444 (decimal 1092)
   defining Unicode char U+0445 (decimal 1093)
   defining Unicode char U+0446 (decimal 1094)
   defining Unicode char U+0447 (decimal 1095)
   defining Unicode char U+0448 (decimal 1096)
   defining Unicode char U+0449 (decimal 1097)
   defining Unicode char U+044A (decimal 1098)
   defining Unicode char U+044B (decimal 1099)
   defining Unicode char U+044C (decimal 1100)
   defining Unicode char U+044D (decimal 1101)
   defining Unicode char U+044E (decimal 1102)
   defining Unicode char U+044F (decimal 1103)
   defining Unicode char U+0450 (decimal 1104)
   defining Unicode char U+0451 (decimal 1105)
   defining Unicode char U+0452 (decimal 1106)
   defining Unicode char U+0453 (decimal 1107)
   defining Unicode char U+0454 (decimal 1108)
   defining Unicode char U+0455 (decimal 1109)
   defining Unicode char U+0456 (decimal 1110)
   defining Unicode char U+0457 (decimal 1111)
   defining Unicode char U+0458 (decimal 1112)
   defining Unicode char U+0459 (decimal 1113)
   defining Unicode char U+045A (decimal 1114)
   defining Unicode char U+045B (decimal 1115)
   defining Unicode char U+045C (decimal 1116)
   defining Unicode char U+045D (decimal 1117)
   defining Unicode char U+045E (decimal 1118)
   defining Unicode char U+045F (decimal 1119)
   defining Unicode char U+0490 (decimal 1168)
   defining Unicode char U+0491 (decimal 1169)
   defining Unicode char U+0492 (decimal 1170)
   defining Unicode char U+0493 (decimal 1171)
   defining Unicode char U+0496 (decimal 1174)
   defining Unicode char U+0497 (decimal 1175)
   defining Unicode char U+0498 (decimal 1176)
   defining Unicode char U+0499 (decimal 1177)
   defining Unicode char U+049A (decimal 1178)
   defining Unicode char U+049B (decimal 1179)
   defining Unicode char U+049C (decimal 1180)
   defining Unicode char U+049D (decimal 1181)
   defining Unicode char U+04A0 (decimal 1184)
   defining Unicode char U+04A1 (decimal 1185)
   defining Unicode char U+04A2 (decimal 1186)
   defining Unicode char U+04A3 (decimal 1187)
   defining Unicode char U+04A4 (decimal 1188)
   defining Unicode char U+04A5 (decimal 1189)
   defining Unicode char U+04AA (decimal 1194)
   defining Unicode char U+04AB (decimal 1195)
   defining Unicode char U+04AE (decimal 1198)
   defining Unicode char U+04AF (decimal 1199)
   defining Unicode char U+04B0 (decimal 1200)
   defining Unicode char U+04B1 (decimal 1201)
   defining Unicode char U+04B2 (decimal 1202)
   defining Unicode char U+04B3 (decimal 1203)
   defining Unicode char U+04B6 (decimal 1206)
   defining Unicode char U+04B7 (decimal 1207)
   defining Unicode char U+04B8 (decimal 1208)
   defining Unicode char U+04B9 (decimal 1209)
   defining Unicode char U+04BA (decimal 1210)
   defining Unicode char U+04BB (decimal 1211)
   defining Unicode char U+04C0 (decimal 1216)
   defining Unicode char U+04C1 (decimal 1217)
   defining Unicode char U+04C2 (decimal 1218)
   defining Unicode char U+04D0 (decimal 1232)
   defining Unicode char U+04D1 (decimal 1233)
   defining Unicode char U+04D2 (decimal 1234)
   defining Unicode char U+04D3 (decimal 1235)
   defining Unicode char U+04D4 (decimal 1236)
   defining Unicode char U+04D5 (decimal 1237)
   defining Unicode char U+04D6 (decimal 1238)
   defining Unicode char U+04D7 (decimal 1239)
   defining Unicode char U+04D8 (decimal 1240)
   defining Unicode char U+04D9 (decimal 1241)
   defining Unicode char U+04DA (decimal 1242)
   defining Unicode char U+04DB (decimal 1243)
   defining Unicode char U+04DC (decimal 1244)
   defining Unicode char U+04DD (decimal 1245)
   defining Unicode char U+04DE (decimal 1246)
   defining Unicode char U+04DF (decimal 1247)
   defining Unicode char U+04E2 (decimal 1250)
   defining Unicode char U+04E3 (decimal 1251)
   defining Unicode char U+04E4 (decimal 1252)
   defining Unicode char U+04E5 (decimal 1253)
   defining Unicode char U+04E6 (decimal 1254)
   defining Unicode char U+04E7 (decimal 1255)
   defining Unicode char U+04E8 (decimal 1256)
   defining Unicode char U+04E9 (decimal 1257)
   defining Unicode char U+04EC (decimal 1260)
   defining Unicode char U+04ED (decimal 1261)
   defining Unicode char U+04EE (decimal 1262)
   defining Unicode char U+04EF (decimal 1263)
   defining Unicode char U+04F0 (decimal 1264)
   defining Unicode char U+04F1 (decimal 1265)
   defining Unicode char U+04F2 (decimal 1266)
   defining Unicode char U+04F3 (decimal 1267)
   defining Unicode char U+04F4 (decimal 1268)
   defining Unicode char U+04F5 (decimal 1269)
   defining Unicode char U+04F8 (decimal 1272)
   defining Unicode char U+04F9 (decimal 1273)
   defining Unicode char U+200C (decimal 8204)
   defining Unicode char U+2013 (decimal 8211)
   defining Unicode char U+2014 (decimal 8212)
   defining Unicode char U+2018 (decimal 8216)
   defining Unicode char U+2019 (decimal 8217)
   defining Unicode char U+201C (decimal 8220)
   defining Unicode char U+201D (decimal 8221)
   defining Unicode char U+201E (decimal 8222)
   defining Unicode char U+2030 (decimal 8240)
   defining Unicode char U+2031 (decimal 8241)
   defining Unicode char U+2116 (decimal 8470)
   defining Unicode char U+2329 (decimal 9001)
   defining Unicode char U+3008 (decimal 12296)
   defining Unicode char U+232A (decimal 9002)
   defining Unicode char U+3009 (decimal 12297)
   defining Unicode char U+2423 (decimal 9251)
   defining Unicode char U+27E8 (decimal 10216)
   defining Unicode char U+27E9 (decimal 10217)
   defining Unicode char U+FB00 (decimal 64256)
   defining Unicode char U+FB01 (decimal 64257)
   defining Unicode char U+FB02 (decimal 64258)
   defining Unicode char U+FB03 (decimal 64259)
   defining Unicode char U+FB04 (decimal 64260)
   defining Unicode char U+FB05 (decimal 64261)
   defining Unicode char U+FB06 (decimal 64262)
)
Now handling font encoding LY1 ...
... processing UTF-8 mapping file for font encoding LY1
 (/usr/local/texlive/2025/texmf-dist/tex/latex/base/ly1enc.dfu
File: ly1enc.dfu 2022/06/07 v1.3c UTF-8 support
   defining Unicode char U+00A0 (decimal 160)
   defining Unicode char U+00A1 (decimal 161)
   defining Unicode char U+00A2 (decimal 162)
   defining Unicode char U+00A3 (decimal 163)
   defining Unicode char U+00A4 (decimal 164)
   defining Unicode char U+00A5 (decimal 165)
   defining Unicode char U+00A6 (decimal 166)
   defining Unicode char U+00A7 (decimal 167)
   defining Unicode char U+00AA (decimal 170)
   defining Unicode char U+00AB (decimal 171)
   defining Unicode char U+00AD (decimal 173)
   defining Unicode char U+00AE (decimal 174)
   defining Unicode char U+00B0 (decimal 176)
   defining Unicode char U+00B5 (decimal 181)
   defining Unicode char U+00B6 (decimal 182)
   defining Unicode char U+00B7 (decimal 183)
   defining Unicode char U+00BA (decimal 186)
   defining Unicode char U+00BB (decimal 187)
   defining Unicode char U+00BC (decimal 188)
   defining Unicode char U+00BD (decimal 189)
   defining Unicode char U+00BE (decimal 190)
   defining Unicode char U+00BF (decimal 191)
   defining Unicode char U+00C0 (decimal 192)
   defining Unicode char U+00C1 (decimal 193)
   defining Unicode char U+00C2 (decimal 194)
   defining Unicode char U+00C3 (decimal 195)
   defining Unicode char U+00C4 (decimal 196)
   defining Unicode char U+00C5 (decimal 197)
   defining Unicode char U+00C6 (decimal 198)
   defining Unicode char U+00C7 (decimal 199)
   defining Unicode char U+00C8 (decimal 200)
   defining Unicode char U+00C9 (decimal 201)
   defining Unicode char U+00CA (decimal 202)
   defining Unicode char U+00CB (decimal 203)
   defining Unicode char U+00CC (decimal 204)
   defining Unicode char U+00CD (decimal 205)
   defining Unicode char U+00CE (decimal 206)
   defining Unicode char U+00CF (decimal 207)
   defining Unicode char U+00D0 (decimal 208)
   defining Unicode char U+00D1 (decimal 209)
   defining Unicode char U+00D2 (decimal 210)
   defining Unicode char U+00D3 (decimal 211)
   defining Unicode char U+00D4 (decimal 212)
   defining Unicode char U+00D5 (decimal 213)
   defining Unicode char U+00D6 (decimal 214)
   defining Unicode char U+00D8 (decimal 216)
   defining Unicode char U+00D9 (decimal 217)
   defining Unicode char U+00DA (decimal 218)
   defining Unicode char U+00DB (decimal 219)
   defining Unicode char U+00DC (decimal 220)
   defining Unicode char U+00DD (decimal 221)
   defining Unicode char U+00DE (decimal 222)
   defining Unicode char U+00DF (decimal 223)
   defining Unicode char U+00E0 (decimal 224)
   defining Unicode char U+00E1 (decimal 225)
   defining Unicode char U+00E2 (decimal 226)
   defining Unicode char U+00E3 (decimal 227)
   defining Unicode char U+00E4 (decimal 228)
   defining Unicode char U+00E5 (decimal 229)
   defining Unicode char U+00E6 (decimal 230)
   defining Unicode char U+00E7 (decimal 231)
   defining Unicode char U+00E8 (decimal 232)
   defining Unicode char U+00E9 (decimal 233)
   defining Unicode char U+00EA (decimal 234)
   defining Unicode char U+00EB (decimal 235)
   defining Unicode char U+00EC (decimal 236)
   defining Unicode char U+00ED (decimal 237)
   defining Unicode char U+00EE (decimal 238)
   defining Unicode char U+00EF (decimal 239)
   defining Unicode char U+00F0 (decimal 240)
   defining Unicode char U+00F1 (decimal 241)
   defining Unicode char U+00F2 (decimal 242)
   defining Unicode char U+00F3 (decimal 243)
   defining Unicode char U+00F4 (decimal 244)
   defining Unicode char U+00F5 (decimal 245)
   defining Unicode char U+00F6 (decimal 246)
   defining Unicode char U+00F8 (decimal 248)
   defining Unicode char U+00F9 (decimal 249)
   defining Unicode char U+00FA (decimal 250)
   defining Unicode char U+00FB (decimal 251)
   defining Unicode char U+00FC (decimal 252)
   defining Unicode char U+00FD (decimal 253)
   defining Unicode char U+00FE (decimal 254)
   defining Unicode char U+00FF (decimal 255)
   defining Unicode char U+0131 (decimal 305)
   defining Unicode char U+0141 (decimal 321)
   defining Unicode char U+0142 (decimal 322)
   defining Unicode char U+0152 (decimal 338)
   defining Unicode char U+0153 (decimal 339)
   defining Unicode char U+0160 (decimal 352)
   defining Unicode char U+0161 (decimal 353)
   defining Unicode char U+0174 (decimal 372)
   defining Unicode char U+0175 (decimal 373)
   defining Unicode char U+0176 (decimal 374)
   defining Unicode char U+0177 (decimal 375)
   defining Unicode char U+0178 (decimal 376)
   defining Unicode char U+017D (decimal 381)
   defining Unicode char U+017E (decimal 382)
   defining Unicode char U+0192 (decimal 402)
   defining Unicode char U+0218 (decimal 536)
   defining Unicode char U+0219 (decimal 537)
   defining Unicode char U+021A (decimal 538)
   defining Unicode char U+021B (decimal 539)
   defining Unicode char U+0237 (decimal 567)
   defining Unicode char U+02C6 (decimal 710)
   defining Unicode char U+02DC (decimal 732)
   defining Unicode char U+2013 (decimal 8211)
   defining Unicode char U+2014 (decimal 8212)
   defining Unicode char U+201C (decimal 8220)
   defining Unicode char U+201D (decimal 8221)
   defining Unicode char U+2020 (decimal 8224)
   defining Unicode char U+2021 (decimal 8225)
   defining Unicode char U+2022 (decimal 8226)
   defining Unicode char U+2026 (decimal 8230)
   defining Unicode char U+2030 (decimal 8240)
   defining Unicode char U+2039 (decimal 8249)
   defining Unicode char U+203A (decimal 8250)
   defining Unicode char U+2122 (decimal 8482)
   defining Unicode char U+FB00 (decimal 64256)
   defining Unicode char U+FB01 (decimal 64257)
   defining Unicode char U+FB02 (decimal 64258)
   defining Unicode char U+FB03 (decimal 64259)
   defining Unicode char U+FB04 (decimal 64260)
   defining Unicode char U+FB05 (decimal 64261)
   defining Unicode char U+FB06 (decimal 64262)
)
Now handling font encoding MDA ...
... no UTF-8 mapping file for font encoding MDA
Now handling font encoding MDB ...
... no UTF-8 mapping file for font encoding MDB
Now handling font encoding PD1 ...
... no UTF-8 mapping file for font encoding PD1
Now handling font encoding PU ...
... no UTF-8 mapping file for font encoding PU
   defining Unicode char U+00A9 (decimal 169)
   defining Unicode char U+00AA (decimal 170)
   defining Unicode char U+00AE (decimal 174)
   defining Unicode char U+00BA (decimal 186)
   defining Unicode char U+02C6 (decimal 710)
   defining Unicode char U+02DC (decimal 732)
   defining Unicode char U+200C (decimal 8204)
   defining Unicode char U+2026 (decimal 8230)
   defining Unicode char U+2122 (decimal 8482)
   defining Unicode char U+2423 (decimal 9251)
   defining Unicode char U+FEFF (decimal 65279)
) (/usr/local/texlive/2025/texmf-dist/tex/latex/pgf/frontendlayer/tikz.sty (/usr/local/texlive/2025/texmf-dist/tex/latex/pgf/basiclayer/pgf.sty (/usr/local/texlive/2025/texmf-dist/tex/latex/pgf/utilities/pgfrcs.sty (/usr/local/texlive/2025/texmf-dist/tex/generic/pgf/utilities/pgfutil-common.tex
\pgfutil@everybye=\toks49
\pgfutil@tempdima=\dimen275
\pgfutil@tempdimb=\dimen276
) (/usr/local/texlive/2025/texmf-dist/tex/generic/pgf/utilities/pgfutil-latex.def
\pgfutil@abb=\box83
) (/usr/local/texlive/2025/texmf-dist/tex/generic/pgf/utilities/pgfrcs.code.tex (/usr/local/texlive/2025/texmf-dist/tex/generic/pgf/pgf.revision.tex)
Package: pgfrcs 2023-01-15 v3.1.10 (3.1.10)
))
Package: pgf 2023-01-15 v3.1.10 (3.1.10)
 (/usr/local/texlive/2025/texmf-dist/tex/latex/pgf/basiclayer/pgfcore.sty (/usr/local/texlive/2025/texmf-dist/tex/latex/pgf/systemlayer/pgfsys.sty (/usr/local/texlive/2025/texmf-dist/tex/generic/pgf/systemlayer/pgfsys.code.tex
Package: pgfsys 2023-01-15 v3.1.10 (3.1.10)
\pgf@x=\dimen277
\pgf@y=\dimen278
\pgf@xa=\dimen279
\pgf@ya=\dimen280
\pgf@xb=\dimen281
\pgf@yb=\dimen282
\pgf@xc=\dimen283
\pgf@yc=\dimen284
\pgf@xd=\dimen285
\pgf@yd=\dimen286
\w@pgf@writea=\write6
\r@pgf@reada=\read6
\c@pgf@counta=\count524
\c@pgf@countb=\count525
\c@pgf@countc=\count526
\c@pgf@countd=\count527
\t@pgf@toka=\toks50
\t@pgf@tokb=\toks51
\t@pgf@tokc=\toks52
\pgf@sys@id@count=\count528
 (/usr/local/texlive/2025/texmf-dist/tex/generic/pgf/systemlayer/pgf.cfg
File: pgf.cfg 2023-01-15 v3.1.10 (3.1.10)
)
Driver file for pgf: pgfsys-pdftex.def
 (/usr/local/texlive/2025/texmf-dist/tex/generic/pgf/systemlayer/pgfsys-pdftex.def
File: pgfsys-pdftex.def 2023-01-15 v3.1.10 (3.1.10)
 (/usr/local/texlive/2025/texmf-dist/tex/generic/pgf/systemlayer/pgfsys-common-pdf.def
File: pgfsys-common-pdf.def 2023-01-15 v3.1.10 (3.1.10)
))) (/usr/local/texlive/2025/texmf-dist/tex/generic/pgf/systemlayer/pgfsyssoftpath.code.tex
File: pgfsyssoftpath.code.tex 2023-01-15 v3.1.10 (3.1.10)
\pgfsyssoftpath@smallbuffer@items=\count529
\pgfsyssoftpath@bigbuffer@items=\count530
) (/usr/local/texlive/2025/texmf-dist/tex/generic/pgf/systemlayer/pgfsysprotocol.code.tex
File: pgfsysprotocol.code.tex 2023-01-15 v3.1.10 (3.1.10)
)) (/usr/local/texlive/2025/texmf-dist/tex/generic/pgf/basiclayer/pgfcore.code.tex
Package: pgfcore 2023-01-15 v3.1.10 (3.1.10)
 (/usr/local/texlive/2025/texmf-dist/tex/generic/pgf/math/pgfmath.code.tex (/usr/local/texlive/2025/texmf-dist/tex/generic/pgf/math/pgfmathutil.code.tex) (/usr/local/texlive/2025/texmf-dist/tex/generic/pgf/math/pgfmathparser.code.tex
\pgfmath@dimen=\dimen287
\pgfmath@count=\count531
\pgfmath@box=\box84
\pgfmath@toks=\toks53
\pgfmath@stack@operand=\toks54
\pgfmath@stack@operation=\toks55
) (/usr/local/texlive/2025/texmf-dist/tex/generic/pgf/math/pgfmathfunctions.code.tex) (/usr/local/texlive/2025/texmf-dist/tex/generic/pgf/math/pgfmathfunctions.basic.code.tex) (/usr/local/texlive/2025/texmf-dist/tex/generic/pgf/math/pgfmathfunctions.trigonometric.code.tex) (/usr/local/texlive/2025/texmf-dist/tex/generic/pgf/math/pgfmathfunctions.random.code.tex) (/usr/local/texlive/2025/texmf-dist/tex/generic/pgf/math/pgfmathfunctions.comparison.code.tex) (/usr/local/texlive/2025/texmf-dist/tex/generic/pgf/math/pgfmathfunctions.base.code.tex) (/usr/local/texlive/2025/texmf-dist/tex/generic/pgf/math/pgfmathfunctions.round.code.tex) (/usr/local/texlive/2025/texmf-dist/tex/generic/pgf/math/pgfmathfunctions.misc.code.tex) (/usr/local/texlive/2025/texmf-dist/tex/generic/pgf/math/pgfmathfunctions.integerarithmetics.code.tex) (/usr/local/texlive/2025/texmf-dist/tex/generic/pgf/math/pgfmathcalc.code.tex) (/usr/local/texlive/2025/texmf-dist/tex/generic/pgf/math/pgfmathfloat.code.tex
\c@pgfmathroundto@lastzeros=\count532
)) (/usr/local/texlive/2025/texmf-dist/tex/generic/pgf/math/pgfint.code.tex) (/usr/local/texlive/2025/texmf-dist/tex/generic/pgf/basiclayer/pgfcorepoints.code.tex
File: pgfcorepoints.code.tex 2023-01-15 v3.1.10 (3.1.10)
\pgf@picminx=\dimen288
\pgf@picmaxx=\dimen289
\pgf@picminy=\dimen290
\pgf@picmaxy=\dimen291
\pgf@pathminx=\dimen292
\pgf@pathmaxx=\dimen293
\pgf@pathminy=\dimen294
\pgf@pathmaxy=\dimen295
\pgf@xx=\dimen296
\pgf@xy=\dimen297
\pgf@yx=\dimen298
\pgf@yy=\dimen299
\pgf@zx=\dimen300
\pgf@zy=\dimen301
) (/usr/local/texlive/2025/texmf-dist/tex/generic/pgf/basiclayer/pgfcorepathconstruct.code.tex
File: pgfcorepathconstruct.code.tex 2023-01-15 v3.1.10 (3.1.10)
\pgf@path@lastx=\dimen302
\pgf@path@lasty=\dimen303
) (/usr/local/texlive/2025/texmf-dist/tex/generic/pgf/basiclayer/pgfcorepathusage.code.tex
File: pgfcorepathusage.code.tex 2023-01-15 v3.1.10 (3.1.10)
\pgf@shorten@end@additional=\dimen304
\pgf@shorten@start@additional=\dimen305
) (/usr/local/texlive/2025/texmf-dist/tex/generic/pgf/basiclayer/pgfcorescopes.code.tex
File: pgfcorescopes.code.tex 2023-01-15 v3.1.10 (3.1.10)
\pgfpic=\box85
\pgf@hbox=\box86
\pgf@layerbox@main=\box87
\pgf@picture@serial@count=\count533
) (/usr/local/texlive/2025/texmf-dist/tex/generic/pgf/basiclayer/pgfcoregraphicstate.code.tex
File: pgfcoregraphicstate.code.tex 2023-01-15 v3.1.10 (3.1.10)
\pgflinewidth=\dimen306
) (/usr/local/texlive/2025/texmf-dist/tex/generic/pgf/basiclayer/pgfcoretransformations.code.tex
File: pgfcoretransformations.code.tex 2023-01-15 v3.1.10 (3.1.10)
\pgf@pt@x=\dimen307
\pgf@pt@y=\dimen308
\pgf@pt@temp=\dimen309
) (/usr/local/texlive/2025/texmf-dist/tex/generic/pgf/basiclayer/pgfcorequick.code.tex
File: pgfcorequick.code.tex 2023-01-15 v3.1.10 (3.1.10)
) (/usr/local/texlive/2025/texmf-dist/tex/generic/pgf/basiclayer/pgfcoreobjects.code.tex
File: pgfcoreobjects.code.tex 2023-01-15 v3.1.10 (3.1.10)
) (/usr/local/texlive/2025/texmf-dist/tex/generic/pgf/basiclayer/pgfcorepathprocessing.code.tex
File: pgfcorepathprocessing.code.tex 2023-01-15 v3.1.10 (3.1.10)
) (/usr/local/texlive/2025/texmf-dist/tex/generic/pgf/basiclayer/pgfcorearrows.code.tex
File: pgfcorearrows.code.tex 2023-01-15 v3.1.10 (3.1.10)
\pgfarrowsep=\dimen310
) (/usr/local/texlive/2025/texmf-dist/tex/generic/pgf/basiclayer/pgfcoreshade.code.tex
File: pgfcoreshade.code.tex 2023-01-15 v3.1.10 (3.1.10)
\pgf@max=\dimen311
\pgf@sys@shading@range@num=\count534
\pgf@shadingcount=\count535
) (/usr/local/texlive/2025/texmf-dist/tex/generic/pgf/basiclayer/pgfcoreimage.code.tex
File: pgfcoreimage.code.tex 2023-01-15 v3.1.10 (3.1.10)
) (/usr/local/texlive/2025/texmf-dist/tex/generic/pgf/basiclayer/pgfcoreexternal.code.tex
File: pgfcoreexternal.code.tex 2023-01-15 v3.1.10 (3.1.10)
\pgfexternal@startupbox=\box88
) (/usr/local/texlive/2025/texmf-dist/tex/generic/pgf/basiclayer/pgfcorelayers.code.tex
File: pgfcorelayers.code.tex 2023-01-15 v3.1.10 (3.1.10)
) (/usr/local/texlive/2025/texmf-dist/tex/generic/pgf/basiclayer/pgfcoretransparency.code.tex
File: pgfcoretransparency.code.tex 2023-01-15 v3.1.10 (3.1.10)
) (/usr/local/texlive/2025/texmf-dist/tex/generic/pgf/basiclayer/pgfcorepatterns.code.tex
File: pgfcorepatterns.code.tex 2023-01-15 v3.1.10 (3.1.10)
) (/usr/local/texlive/2025/texmf-dist/tex/generic/pgf/basiclayer/pgfcorerdf.code.tex
File: pgfcorerdf.code.tex 2023-01-15 v3.1.10 (3.1.10)
))) (/usr/local/texlive/2025/texmf-dist/tex/generic/pgf/modules/pgfmoduleshapes.code.tex
File: pgfmoduleshapes.code.tex 2023-01-15 v3.1.10 (3.1.10)
\pgfnodeparttextbox=\box89
) (/usr/local/texlive/2025/texmf-dist/tex/generic/pgf/modules/pgfmoduleplot.code.tex
File: pgfmoduleplot.code.tex 2023-01-15 v3.1.10 (3.1.10)
) (/usr/local/texlive/2025/texmf-dist/tex/latex/pgf/compatibility/pgfcomp-version-0-65.sty
Package: pgfcomp-version-0-65 2023-01-15 v3.1.10 (3.1.10)
\pgf@nodesepstart=\dimen312
\pgf@nodesepend=\dimen313
) (/usr/local/texlive/2025/texmf-dist/tex/latex/pgf/compatibility/pgfcomp-version-1-18.sty
Package: pgfcomp-version-1-18 2023-01-15 v3.1.10 (3.1.10)
)) (/usr/local/texlive/2025/texmf-dist/tex/latex/pgf/utilities/pgffor.sty (/usr/local/texlive/2025/texmf-dist/tex/latex/pgf/math/pgfmath.sty (/usr/local/texlive/2025/texmf-dist/tex/generic/pgf/math/pgfmath.code.tex)) (/usr/local/texlive/2025/texmf-dist/tex/generic/pgf/utilities/pgffor.code.tex
Package: pgffor 2023-01-15 v3.1.10 (3.1.10)
\pgffor@iter=\dimen314
\pgffor@skip=\dimen315
\pgffor@stack=\toks56
\pgffor@toks=\toks57
)) (/usr/local/texlive/2025/texmf-dist/tex/generic/pgf/frontendlayer/tikz/tikz.code.tex
Package: tikz 2023-01-15 v3.1.10 (3.1.10)
 (/usr/local/texlive/2025/texmf-dist/tex/generic/pgf/libraries/pgflibraryplothandlers.code.tex
File: pgflibraryplothandlers.code.tex 2023-01-15 v3.1.10 (3.1.10)
\pgf@plot@mark@count=\count536
\pgfplotmarksize=\dimen316
)
\tikz@lastx=\dimen317
\tikz@lasty=\dimen318
\tikz@lastxsaved=\dimen319
\tikz@lastysaved=\dimen320
\tikz@lastmovetox=\dimen321
\tikz@lastmovetoy=\dimen322
\tikzleveldistance=\dimen323
\tikzsiblingdistance=\dimen324
\tikz@figbox=\box90
\tikz@figbox@bg=\box91
\tikz@tempbox=\box92
\tikz@tempbox@bg=\box93
\tikztreelevel=\count537
\tikznumberofchildren=\count538
\tikznumberofcurrentchild=\count539
\tikz@fig@count=\count540
 (/usr/local/texlive/2025/texmf-dist/tex/generic/pgf/modules/pgfmodulematrix.code.tex
File: pgfmodulematrix.code.tex 2023-01-15 v3.1.10 (3.1.10)
\pgfmatrixcurrentrow=\count541
\pgfmatrixcurrentcolumn=\count542
\pgf@matrix@numberofcolumns=\count543
)
\tikz@expandcount=\count544
 (/usr/local/texlive/2025/texmf-dist/tex/generic/pgf/frontendlayer/tikz/libraries/tikzlibrarytopaths.code.tex
File: tikzlibrarytopaths.code.tex 2023-01-15 v3.1.10 (3.1.10)
))) (/usr/local/texlive/2025/texmf-dist/tex/generic/pgf/frontendlayer/tikz/libraries/tikzlibraryarrows.code.tex
File: tikzlibraryarrows.code.tex 2023-01-15 v3.1.10 (3.1.10)
 (/usr/local/texlive/2025/texmf-dist/tex/generic/pgf/libraries/pgflibraryarrows.code.tex
File: pgflibraryarrows.code.tex 2023-01-15 v3.1.10 (3.1.10)
\arrowsize=\dimen325
)) (/usr/local/texlive/2025/texmf-dist/tex/generic/pgf/libraries/pgflibraryarrows.meta.code.tex
File: pgflibraryarrows.meta.code.tex 2023-01-15 v3.1.10 (3.1.10)
\pgfarrowinset=\dimen326
\pgfarrowlength=\dimen327
\pgfarrowwidth=\dimen328
\pgfarrowlinewidth=\dimen329
) (/usr/local/texlive/2025/texmf-dist/tex/generic/pgf/frontendlayer/tikz/libraries/tikzlibrarycalc.code.tex
File: tikzlibrarycalc.code.tex 2023-01-15 v3.1.10 (3.1.10)
) (/usr/local/texlive/2025/texmf-dist/tex/generic/pgf/frontendlayer/tikz/libraries/tikzlibraryshapes.code.tex
File: tikzlibraryshapes.code.tex 2023-01-15 v3.1.10 (3.1.10)
 (/usr/local/texlive/2025/texmf-dist/tex/generic/pgf/frontendlayer/tikz/libraries/tikzlibraryshapes.geometric.code.tex
File: tikzlibraryshapes.geometric.code.tex 2023-01-15 v3.1.10 (3.1.10)
 (/usr/local/texlive/2025/texmf-dist/tex/generic/pgf/libraries/shapes/pgflibraryshapes.geometric.code.tex
File: pgflibraryshapes.geometric.code.tex 2023-01-15 v3.1.10 (3.1.10)
)) (/usr/local/texlive/2025/texmf-dist/tex/generic/pgf/frontendlayer/tikz/libraries/tikzlibraryshapes.misc.code.tex
File: tikzlibraryshapes.misc.code.tex 2023-01-15 v3.1.10 (3.1.10)
 (/usr/local/texlive/2025/texmf-dist/tex/generic/pgf/libraries/shapes/pgflibraryshapes.misc.code.tex
File: pgflibraryshapes.misc.code.tex 2023-01-15 v3.1.10 (3.1.10)
)) (/usr/local/texlive/2025/texmf-dist/tex/generic/pgf/frontendlayer/tikz/libraries/tikzlibraryshapes.symbols.code.tex
File: tikzlibraryshapes.symbols.code.tex 2023-01-15 v3.1.10 (3.1.10)
 (/usr/local/texlive/2025/texmf-dist/tex/generic/pgf/libraries/shapes/pgflibraryshapes.symbols.code.tex
File: pgflibraryshapes.symbols.code.tex 2023-01-15 v3.1.10 (3.1.10)
)) (/usr/local/texlive/2025/texmf-dist/tex/generic/pgf/frontendlayer/tikz/libraries/tikzlibraryshapes.arrows.code.tex
File: tikzlibraryshapes.arrows.code.tex 2023-01-15 v3.1.10 (3.1.10)
 (/usr/local/texlive/2025/texmf-dist/tex/generic/pgf/libraries/shapes/pgflibraryshapes.arrows.code.tex
File: pgflibraryshapes.arrows.code.tex 2023-01-15 v3.1.10 (3.1.10)
)) (/usr/local/texlive/2025/texmf-dist/tex/generic/pgf/frontendlayer/tikz/libraries/tikzlibraryshapes.callouts.code.tex (/usr/local/texlive/2025/texmf-dist/tex/generic/pgf/libraries/shapes/pgflibraryshapes.callouts.code.tex)) (/usr/local/texlive/2025/texmf-dist/tex/generic/pgf/frontendlayer/tikz/libraries/tikzlibraryshapes.multipart.code.tex
File: tikzlibraryshapes.multipart.code.tex 2023-01-15 v3.1.10 (3.1.10)
 (/usr/local/texlive/2025/texmf-dist/tex/generic/pgf/libraries/shapes/pgflibraryshapes.multipart.code.tex
File: pgflibraryshapes.multipart.code.tex 2023-01-15 v3.1.10 (3.1.10)
\pgfnodepartlowerbox=\box94
\pgfnodeparttwobox=\box95
\pgfnodepartthreebox=\box96
\pgfnodepartfourbox=\box97
\pgfnodeparttwentybox=\box98
\pgfnodepartnineteenbox=\box99
\pgfnodeparteighteenbox=\box100
\pgfnodepartseventeenbox=\box101
\pgfnodepartsixteenbox=\box102
\pgfnodepartfifteenbox=\box103
\pgfnodepartfourteenbox=\box104
\pgfnodepartthirteenbox=\box105
\pgfnodeparttwelvebox=\box106
\pgfnodepartelevenbox=\box107
\pgfnodeparttenbox=\box108
\pgfnodepartninebox=\box109
\pgfnodeparteightbox=\box110
\pgfnodepartsevenbox=\box111
\pgfnodepartsixbox=\box112
\pgfnodepartfivebox=\box113
))) (/usr/local/texlive/2025/texmf-dist/tex/generic/pgf/frontendlayer/tikz/libraries/tikzlibraryautomata.code.tex
File: tikzlibraryautomata.code.tex 2023-01-15 v3.1.10 (3.1.10)
) (/usr/local/texlive/2025/texmf-dist/tex/generic/pgf/frontendlayer/tikz/libraries/tikzlibrarypositioning.code.tex
File: tikzlibrarypositioning.code.tex 2023-01-15 v3.1.10 (3.1.10)
) (/usr/local/texlive/2025/texmf-dist/tex/latex/adjustbox/adjustbox.sty
Package: adjustbox 2025/02/26 v1.3c Adjusting TeX boxes (trim, clip, ...)
 (/usr/local/texlive/2025/texmf-dist/tex/latex/adjustbox/adjcalc.sty
Package: adjcalc 2012/05/16 v1.1 Provides advanced setlength with multiple back-ends (calc, etex, pgfmath)
) (/usr/local/texlive/2025/texmf-dist/tex/latex/adjustbox/trimclip.sty
Package: trimclip 2025/02/21 v1.2a Trim and clip general TeX material
 (/usr/local/texlive/2025/texmf-dist/tex/latex/collectbox/collectbox.sty
Package: collectbox 2022/10/17 v0.4c Collect macro arguments as boxes
\collectedbox=\box114
)
\tc@llx=\dimen330
\tc@lly=\dimen331
\tc@urx=\dimen332
\tc@ury=\dimen333
Package trimclip Info: Using driver 'tc-pdftex.def'.
 (/usr/local/texlive/2025/texmf-dist/tex/latex/adjustbox/tc-pdftex.def
File: tc-pdftex.def 2025/02/26 v2.3 Clipping driver for pdftex
))
\adjbox@Width=\dimen334
\adjbox@Height=\dimen335
\adjbox@Depth=\dimen336
\adjbox@Totalheight=\dimen337
\adjbox@pwidth=\dimen338
\adjbox@pheight=\dimen339
\adjbox@pdepth=\dimen340
\adjbox@ptotalheight=\dimen341
 (/usr/local/texlive/2025/texmf-dist/tex/latex/ifoddpage/ifoddpage.sty
Package: ifoddpage 2022/10/18 v1.2 Conditionals for odd/even page detection
\c@checkoddpage=\count545
) (/usr/local/texlive/2025/texmf-dist/tex/latex/varwidth/varwidth.sty
Package: varwidth 2009/03/30 ver 0.92;  Variable-width minipages
\@vwid@box=\box115
\sift@deathcycles=\count546
\@vwid@loff=\dimen342
\@vwid@roff=\dimen343
)) (/usr/local/texlive/2025/texmf-dist/tex/latex/amscls/amsthm.sty
Package: amsthm 2020/05/29 v2.20.6
\thm@style=\toks58
\thm@bodyfont=\toks59
\thm@headfont=\toks60
\thm@notefont=\toks61
\thm@headpunct=\toks62
\thm@preskip=\skip109
\thm@postskip=\skip110
\thm@headsep=\skip111
\dth@everypar=\toks63
)
Class scrbook Info: amsthm's \deferred@thm@head patched.
\c@example=\count547
LaTeX Info: Redefining \oldstylenums on input line 237.
LaTeX Font Info:    Trying to load font information for T1+XCharter-TLF on input line 237.
 (/usr/local/texlive/2025/texmf-dist/tex/latex/xcharter/T1XCharter-TLF.fd
File: T1XCharter-TLF.fd 2017/06/25 (autoinst) Font definitions for T1/XCharter-TLF.
)
LaTeX Font Info:    Font shape `T1/XCharter-TLF/m/n' will be
(Font)              scaled to size 10.6215pt on input line 237.
<<t1.cmap>>
Package csquotes Info: Checking for multilingual support...
Package csquotes Info: ... found 'babel' package.
Package csquotes Info: Adjusting default style.
Package csquotes Info: Redefining alias 'default' -> 'english'.
 (./main.aux (./cover/coversheet.aux))
\openout1 = `main.aux'.

LaTeX Font Info:    Checking defaults for OML/cmm/m/it on input line 237.
LaTeX Font Info:    ... okay on input line 237.
LaTeX Font Info:    Checking defaults for OMS/cmsy/m/n on input line 237.
LaTeX Font Info:    ... okay on input line 237.
LaTeX Font Info:    Checking defaults for OT1/cmr/m/n on input line 237.
LaTeX Font Info:    ... okay on input line 237.
LaTeX Font Info:    Checking defaults for T1/cmr/m/n on input line 237.
LaTeX Font Info:    ... okay on input line 237.
LaTeX Font Info:    Checking defaults for TS1/cmr/m/n on input line 237.
LaTeX Font Info:    ... okay on input line 237.
LaTeX Font Info:    Checking defaults for OMX/cmex/m/n on input line 237.
LaTeX Font Info:    ... okay on input line 237.
LaTeX Font Info:    Checking defaults for U/cmr/m/n on input line 237.
LaTeX Font Info:    ... okay on input line 237.
LaTeX Font Info:    Checking defaults for T2A/cmr/m/n on input line 237.
LaTeX Font Info:    ... okay on input line 237.
LaTeX Font Info:    Checking defaults for LY1/ptm/m/n on input line 237.
LaTeX Font Info:    Trying to load font information for LY1+ptm on input line 237.
 (/usr/local/texlive/2025/texmf-dist/tex/latex/ly1/ly1ptm.fd
File: ly1ptm.fd 2001/02/01 font definitions for LY1/ptm using Berry names.
)
LaTeX Font Info:    ... okay on input line 237.
LaTeX Font Info:    Checking defaults for MDA/cmr/m/n on input line 237.
LaTeX Font Info:    Trying to load font information for MDA+cmr on input line 237.
 (/usr/local/texlive/2025/texmf-dist/tex/latex/mathdesign/mdacmr.fd
File: mdacmr.fd 
)
LaTeX Font Info:    ... okay on input line 237.
LaTeX Font Info:    Checking defaults for MDB/cmr/m/n on input line 237.
LaTeX Font Info:    Trying to load font information for MDB+cmr on input line 237.
 (/usr/local/texlive/2025/texmf-dist/tex/latex/mathdesign/mdbcmr.fd
File: mdbcmr.fd 
)
LaTeX Font Info:    ... okay on input line 237.
LaTeX Font Info:    Checking defaults for PD1/pdf/m/n on input line 237.
LaTeX Font Info:    ... okay on input line 237.
LaTeX Font Info:    Checking defaults for PU/pdf/m/n on input line 237.
LaTeX Font Info:    ... okay on input line 237.
Package scrbase Info: activating english \partname on input line 237.
Package scrbase Info: activating english \chaptername on input line 237.
Package scrbase Info: activating english \appendixname on input line 237.
Package scrbase Info: activating english \figurename on input line 237.
Package scrbase Info: activating english \tablename on input line 237.
Package scrbase Info: activating english \contentsname on input line 237.
Package scrbase Info: activating english \listfigurename on input line 237.
Package scrbase Info: activating english \listtablename on input line 237.
Package scrbase Info: activating english \bibname on input line 237.
Package scrbase Info: activating english \indexname on input line 237.
 (/usr/local/texlive/2025/texmf-dist/tex/context/base/mkii/supp-pdf.mkii
[Loading MPS to PDF converter (version 2006.09.02).]
\scratchcounter=\count548
\scratchdimen=\dimen344
\scratchbox=\box116
\nofMPsegments=\count549
\nofMParguments=\count550
\everyMPshowfont=\toks64
\MPscratchCnt=\count551
\MPscratchDim=\dimen345
\MPnumerator=\count552
\makeMPintoPDFobject=\count553
\everyMPtoPDFconversion=\toks65
) (/usr/local/texlive/2025/texmf-dist/tex/latex/epstopdf-pkg/epstopdf-base.sty
Package: epstopdf-base 2020-01-24 v2.11 Base part for package epstopdf
Package epstopdf-base Info: Redefining graphics rule for `.eps' on input line 485.
 (/usr/local/texlive/2025/texmf-dist/tex/latex/latexconfig/epstopdf-sys.cfg
File: epstopdf-sys.cfg 2010/07/13 v1.3 Configuration of (r)epstopdf for TeX Live
)) (/usr/local/texlive/2025/texmf-dist/tex/latex/pdflscape/pdflscape.sty
Package: pdflscape 2022-10-27 v0.13 Display of landscape pages in PDF
 (/usr/local/texlive/2025/texmf-dist/tex/latex/pdflscape/pdflscape-nometadata.sty
Package: pdflscape-nometadata 2022-10-28 v0.13 Display of landscape pages in PDF (HO)
 (/usr/local/texlive/2025/texmf-dist/tex/latex/graphics/lscape.sty
Package: lscape 2020/05/28 v3.02 Landscape Pages (DPC)
) (/usr/local/texlive/2025/texmf-dist/tex/latex/lscapeenhanced/lscapeenhanced.sty
Package: lscapeenhanced 2024-04-16 v1.0 improved lscape package
Package lscapeenhanced Info: \landscape patched to make \textheight change optional on input line 72.
\@lscapeenhanced@textheight=\skip112
)
Package pdflscape Info: Auto-detected driver: pdftex on input line 81.
))
Package microtype Info: Patching varwidth to enable character protrusion.
\MT@vwid@leftmargin=\dimen346
\MT@vwid@rightmargin=\dimen347
LaTeX Info: Redefining \microtypecontext on input line 237.
Package microtype Info: Applying patch `item' on input line 237.
Package microtype Info: Applying patch `toc' on input line 237.
Package microtype Info: Applying patch `eqnum' on input line 237.
Package microtype Info: Applying patch `footnote' on input line 237.
Package microtype Info: Applying patch `verbatim' on input line 237.
LaTeX Info: Redefining \microtypesetup on input line 237.
Package microtype Info: Generating PDF output.
Package microtype Info: Character protrusion enabled (level 2).
Package microtype Info: Using default protrusion set `alltext'.
Package microtype Info: Automatic font expansion enabled (level 2),
(microtype)             stretch: 20, shrink: 20, step: 1, non-selected.
Package microtype Info: Using default expansion set `alltext-nott'.
LaTeX Info: Redefining \showhyphens on input line 237.
Package microtype Info: No adjustment of tracking.
Package microtype Info: No adjustment of interword spacing.
Package microtype Info: No adjustment of character kerning.
 (/usr/local/texlive/2025/texmf-dist/tex/latex/microtype/mt-bch.cfg
File: mt-bch.cfg 2007/03/03 v1.5 microtype config. file: Bitstream Charter (RS)
)
\c@mv@tabular=\count554
\c@mv@boldtabular=\count555
 (/usr/local/texlive/2025/texmf-dist/tex/latex/translations/translations-basic-dictionary-english.trsl
File: translations-basic-dictionary-english.trsl (english translation file `translations-basic-dictionary')
)
Package translations Info: loading dictionary `translations-basic-dictionary' for `english'. on input line 237.
 (/usr/local/texlive/2025/texmf-dist/tex/latex/translations/translations-basic-dictionary-german.trsl
File: translations-basic-dictionary-german.trsl (german translation file `translations-basic-dictionary')
)
Package translations Info: loading dictionary `translations-basic-dictionary' for `german'. on input line 237.
Package biblatex Info: Trying to load language 'english'...
Package biblatex Info: ... file 'english.lbx' found.
 (/usr/local/texlive/2025/texmf-dist/tex/latex/biblatex/lbx/english.lbx
File: english.lbx 2024/03/21 v3.20 biblatex localization (PK/MW)
)
Package biblatex Info: Trying to load language 'ngerman'...
Package biblatex Info: ... file 'ngerman.lbx' found.
 (/usr/local/texlive/2025/texmf-dist/tex/latex/biblatex/lbx/ngerman.lbx
File: ngerman.lbx 2024/03/21 v3.20 biblatex localization (PK/MW)
Package biblatex Info: Trying to load language 'german'...
Package biblatex Info: ... file 'german.lbx' found.
 (/usr/local/texlive/2025/texmf-dist/tex/latex/biblatex/lbx/german.lbx
File: german.lbx 2024/03/21 v3.20 biblatex localization (PK/MW)
)
Package biblatex Info: Trying to load language 'german'...
Package biblatex Info: ... file 'german.lbx' found.
 (/usr/local/texlive/2025/texmf-dist/tex/latex/biblatex/lbx/german.lbx
File: german.lbx 2024/03/21 v3.20 biblatex localization (PK/MW)
))
Package biblatex Info: Input encoding 'utf8' detected.
Package biblatex Info: Automatic encoding selection.
(biblatex)             Assuming data encoding 'utf8'.
\openout3 = `main.bcf'.

Package biblatex Info: Trying to load bibliographic data...
Package biblatex Info: ... file 'main.bbl' found.
 (./main.bbl)
Package biblatex Info: Reference section=0 on input line 237.
Package biblatex Info: Reference segment=0 on input line 237.
Package hyperref Info: Link coloring OFF on input line 237.
 (./main.out) (./main.out)
\@outlinefile=\write7
\openout7 = `main.out'.

Class scrbook Info: loading recommended package `bookmark'.
(scrbook)           Using `bookmark' together with `hyperref' is recommended,
(scrbook)           because of handling of possible bookmark level gaps.
(scrbook)           You can avoid loading `bookmark' with KOMA-Script option
(scrbook)           `bookmarkpackage=false' before \begin{document} and
(scrbook)           you can avoid this message adding:
(scrbook)             \usepackage{bookmark}
(scrbook)           before \begin{document} on input line 237.
 (/usr/local/texlive/2025/texmf-dist/tex/latex/bookmark/bookmark.sty
Package: bookmark 2023-12-10 v1.31 PDF bookmarks (HO)
 (/usr/local/texlive/2025/texmf-dist/tex/latex/bookmark/bkm-pdftex.def
File: bkm-pdftex.def 2023-12-10 v1.31 bookmark driver for pdfTeX and luaTeX (HO)
\BKM@id=\count556
))
Package newfloat Info: `float' package detected.
Package caption Info: Begin \AtBeginDocument code.
Package caption Info: End \AtBeginDocument code.
\openout2 = `cover/coversheet.aux'.

 (./cover/coversheet.tex
LaTeX Font Info:    Font shape `T1/cmss/m/n' will be
(Font)              scaled to size 11.37706pt on input line 2.
Package microtype Info: Loading generic protrusion settings for font family
(microtype)             `cmss' (encoding: T1).
(microtype)             For optimal results, create family-specific settings.
(microtype)             See the microtype manual for details.
LaTeX Font Info:    Font shape `T1/cmss/m/n' will be
(Font)              scaled to size 10.39001pt on input line 3.
<cover/jkuen.png, id=11, 506.693pt x 248.93pt>
File: cover/jkuen.png Graphic file (type png)
<use cover/jkuen.png>
Package pdftex.def Info: cover/jkuen.png  used on input line 10.
(pdftex.def)             Requested size: 147.95433pt x 72.68542pt.
LaTeX Font Info:    Font shape `T1/cmss/m/n' will be
(Font)              scaled to size 9.35101pt on input line 20.
LaTeX Font Info:    Font shape `T1/cmss/b/n' in size <10> not available
(Font)              Font shape `T1/cmss/bx/n' tried instead on input line 23.
LaTeX Font Info:    Font shape `T1/cmss/bx/n' will be
(Font)              scaled to size 10.39001pt on input line 23.
LaTeX Font Info:    Trying to load font information for OT1+mdbch on input line 43.
 (/usr/local/texlive/2025/texmf-dist/tex/latex/mathdesign/mdbch/ot1mdbch.fd
File: ot1mdbch.fd 2013/08/29 Fontinst v1.933 font definitions for OT1/mdbch.
)
LaTeX Font Info:    Font shape `OT1/mdbch/m/n' will be
(Font)              scaled to size 9.60007pt on input line 43.
<<ot1.cmap>>
LaTeX Font Info:    Font shape `OT1/mdbch/m/n' will be
(Font)              scaled to size 7.29605pt on input line 43.
LaTeX Font Info:    Font shape `OT1/mdbch/m/n' will be
(Font)              scaled to size 5.76004pt on input line 43.
LaTeX Font Info:    Trying to load font information for OML+mdbch on input line 43.
 (/usr/local/texlive/2025/texmf-dist/tex/latex/mathdesign/mdbch/omlmdbch.fd
File: omlmdbch.fd 2013/08/29 Fontinst v1.933 font definitions for OML/mdbch.
)
LaTeX Font Info:    Font shape `OML/mdbch/m/it' will be
(Font)              scaled to size 9.60007pt on input line 43.
<<oml.cmap>>
LaTeX Font Info:    Font shape `OML/mdbch/m/it' will be
(Font)              scaled to size 7.29605pt on input line 43.
LaTeX Font Info:    Font shape `OML/mdbch/m/it' will be
(Font)              scaled to size 5.76004pt on input line 43.
LaTeX Font Info:    Trying to load font information for OMS+mdbch on input line 43.
 (/usr/local/texlive/2025/texmf-dist/tex/latex/mathdesign/mdbch/omsmdbch.fd
File: omsmdbch.fd 2013/08/29 Fontinst v1.933 font definitions for OMS/mdbch.
)
LaTeX Font Info:    Font shape `OMS/mdbch/m/n' will be
(Font)              scaled to size 9.60007pt on input line 43.
<<oms.cmap>>
LaTeX Font Info:    Font shape `OMS/mdbch/m/n' will be
(Font)              scaled to size 7.29605pt on input line 43.
LaTeX Font Info:    Font shape `OMS/mdbch/m/n' will be
(Font)              scaled to size 5.76004pt on input line 43.
LaTeX Font Info:    Trying to load font information for OMX+mdbch on input line 43.
 (/usr/local/texlive/2025/texmf-dist/tex/latex/mathdesign/mdbch/omxmdbch.fd
File: omxmdbch.fd 2013/08/29 Fontinst v1.933 font definitions for OMX/mdbch.
)
LaTeX Font Info:    Font shape `OMX/mdbch/m/n' will be
(Font)              scaled to size 9.60007pt on input line 43.
<<omx.cmap>>
LaTeX Font Info:    Font shape `OMX/mdbch/m/n' will be
(Font)              scaled to size 7.29605pt on input line 43.
LaTeX Font Info:    Font shape `OMX/mdbch/m/n' will be
(Font)              scaled to size 5.76004pt on input line 43.
LaTeX Font Info:    Trying to load font information for OT1+zplm on input line 43.
 (/usr/local/texlive/2025/texmf-dist/tex/latex/psnfss/ot1zplm.fd
File: ot1zplm.fd 2002/09/08 Fontinst v1.914 font definitions for OT1/zplm.
)
Package microtype Info: Loading generic protrusion settings for font family
(microtype)             `zplm' (encoding: OT1).
(microtype)             For optimal results, create family-specific settings.
(microtype)             See the microtype manual for details.
LaTeX Font Info:    Font shape `OML/mdbch/m/n' will be
(Font)              scaled to size 9.60007pt on input line 43.
LaTeX Font Info:    Font shape `OML/mdbch/m/n' will be
(Font)              scaled to size 7.29605pt on input line 43.
LaTeX Font Info:    Font shape `OML/mdbch/m/n' will be
(Font)              scaled to size 5.76004pt on input line 43.
LaTeX Font Info:    Trying to load font information for MDA+mdbch on input line 43.
 (/usr/local/texlive/2025/texmf-dist/tex/latex/mathdesign/mdbch/mdamdbch.fd
File: mdamdbch.fd 2013/08/29 Fontinst v1.933 font definitions for MDA/mdbch.
)
LaTeX Font Info:    Font shape `MDA/mdbch/m/n' will be
(Font)              scaled to size 9.60007pt on input line 43.
LaTeX Font Info:    Font shape `MDA/mdbch/m/n' will be
(Font)              scaled to size 7.29605pt on input line 43.
LaTeX Font Info:    Font shape `MDA/mdbch/m/n' will be
(Font)              scaled to size 5.76004pt on input line 43.
LaTeX Font Info:    Trying to load font information for MDB+mdbch on input line 43.
 (/usr/local/texlive/2025/texmf-dist/tex/latex/mathdesign/mdbch/mdbmdbch.fd
File: mdbmdbch.fd 2013/08/29 Fontinst v1.933 font definitions for MDB/mdbch.
)
LaTeX Font Info:    Font shape `MDB/mdbch/m/n' will be
(Font)              scaled to size 9.60007pt on input line 43.
LaTeX Font Info:    Font shape `MDB/mdbch/m/n' will be
(Font)              scaled to size 7.29605pt on input line 43.
LaTeX Font Info:    Font shape `MDB/mdbch/m/n' will be
(Font)              scaled to size 5.76004pt on input line 43.
LaTeX Font Info:    Font shape `T1/cmss/m/n' will be
(Font)              scaled to size 8.31201pt on input line 43.
LaTeX Font Info:    Trying to load font information for T1+ugq on input line 78.
 (/usr/local/texlive/2025/texmf-dist/tex/latex/grotesq/t1ugq.fd
File: t1ugq.fd 2001/12/17 Fontinst v1.914 font definitions for T1/ugq.
)
LaTeX Font Info:    Font shape `T1/ugq/m/n' in size <10> not available
(Font)              Font shape `T1/ugq/b/n' tried instead on input line 78.
Package microtype Info: Loading generic protrusion settings for font family
(microtype)             `ugq' (encoding: T1).
(microtype)             For optimal results, create family-specific settings.
(microtype)             See the microtype manual for details.
LaTeX Font Info:    Font shape `T1/ugq/m/n' in size <32> not available
(Font)              Font shape `T1/ugq/b/n' tried instead on input line 99.
<cover/arr.png, id=16, 233.1912pt x 212.4738pt>
File: cover/arr.png Graphic file (type png)
<use cover/arr.png>
Package pdftex.def Info: cover/arr.png  used on input line 106.
(pdftex.def)             Requested size: 125.19212pt x 114.0695pt.
LaTeX Font Info:    Font shape `T1/cmss/m/n' will be
(Font)              scaled to size 14.96161pt on input line 111.
)

LaTeX Font Info:    Font shape `T1/XCharter-TLF/m/n' will be
(Font)              scaled to size 9.70001pt on input line 242.
[0{/usr/local/texlive/2025/texmf-dist/fonts/enc/dvips/cm-super/cm-super-t1.enc}{/usr/local/texlive/2025/texmf-dist/fonts/enc/dvips/base/8r.enc}





 <./cover/jkuen.png> <./cover/arr.png>] (./frontmatter.tex
LaTeX Font Info:    Font shape `T1/XCharter-TLF/b/n' will be
(Font)              scaled to size 10.6215pt on input line 5.
LaTeX Font Info:    Font shape `T1/XCharter-TLF/m/n' will be
(Font)              scaled to size 20.11783pt on input line 5.
LaTeX Font Info:    Font shape `T1/XCharter-TLF/m/sc' will be
(Font)              scaled to size 20.11783pt on input line 5.
Package microtype Info: Character `029' is missing
(microtype)             in font `T1/XCharter-TLF/m/sc/20.74'.
(microtype)             Ignoring protrusion settings for this character.
<images/signature.png, id=29, 239.294pt x 65.846pt>
File: images/signature.png Graphic file (type png)
<use images/signature.png>
Package pdftex.def Info: images/signature.png  used on input line 19.
(pdftex.def)             Requested size: 184.9429pt x 50.89244pt.


LaTeX Font Info:    Font shape `OT1/mdbch/m/n' will be
(Font)              scaled to size 7.68005pt on input line 45.
LaTeX Font Info:    Font shape `OT1/mdbch/m/n' will be
(Font)              scaled to size 4.80003pt on input line 45.
LaTeX Font Info:    Font shape `OML/mdbch/m/it' will be
(Font)              scaled to size 7.68005pt on input line 45.
LaTeX Font Info:    Font shape `OML/mdbch/m/it' will be
(Font)              scaled to size 4.80003pt on input line 45.
LaTeX Font Info:    Font shape `OMS/mdbch/m/n' will be
(Font)              scaled to size 7.68005pt on input line 45.
LaTeX Font Info:    Font shape `OMS/mdbch/m/n' will be
(Font)              scaled to size 4.80003pt on input line 45.
LaTeX Font Info:    Font shape `OMX/mdbch/m/n' will be
(Font)              scaled to size 7.68005pt on input line 45.
LaTeX Font Info:    Font shape `OMX/mdbch/m/n' will be
(Font)              scaled to size 4.80003pt on input line 45.
LaTeX Font Info:    Font shape `OML/mdbch/m/n' will be
(Font)              scaled to size 7.68005pt on input line 45.
LaTeX Font Info:    Font shape `OML/mdbch/m/n' will be
(Font)              scaled to size 4.80003pt on input line 45.
LaTeX Font Info:    Font shape `MDA/mdbch/m/n' will be
(Font)              scaled to size 7.68005pt on input line 45.
LaTeX Font Info:    Font shape `MDA/mdbch/m/n' will be
(Font)              scaled to size 4.80003pt on input line 45.
LaTeX Font Info:    Font shape `MDB/mdbch/m/n' will be
(Font)              scaled to size 7.68005pt on input line 45.
LaTeX Font Info:    Font shape `MDB/mdbch/m/n' will be
(Font)              scaled to size 4.80003pt on input line 45.
File: cover/jkuen.png Graphic file (type png)
<use cover/jkuen.png>
Package pdftex.def Info: cover/jkuen.png  used on input line 45.
(pdftex.def)             Requested size: 85.35826pt x 41.9339pt.

Package scrlayer-scrpage Warning: \headheight to low.
(scrlayer-scrpage)                At least 45.53392pt needed,
(scrlayer-scrpage)                but only 45.5244pt found.
(scrlayer-scrpage)                I'll enlarge \headheight, for further
(scrlayer-scrpage)                processing, but you should do this yourself,
(scrlayer-scrpage)                e.g., setting typearea's option
(scrlayer-scrpage)                `headheight=45.53392pt'.
(scrlayer-scrpage)                I'll also decrease \topmargin on input line 45.

LaTeX Font Info:    Font shape `T1/XCharter-TLF/m/n' will be
(Font)              scaled to size 7.76001pt on input line 45.
[1




{/usr/local/texlive/2025/texmf-dist/fonts/enc/dvips/xcharter/xch_yelf2i.enc}{/usr/local/texlive/2025/texmf-dist/fonts/enc/dvips/xcharter/xch_rydp4l.enc} <./images/signature.png>]
LaTeX Font Info:    Font shape `T1/XCharter-TLF/m/it' will be
(Font)              scaled to size 10.6215pt on input line 67.
)

File: cover/jkuen.png Graphic file (type png)
<use cover/jkuen.png>
Package pdftex.def Info: cover/jkuen.png  used on input line 251.
(pdftex.def)             Requested size: 85.35826pt x 41.9339pt.
[2

]
Package tocbasic Info: character protrusion at toc deactivated on input line 251.
 (./main.toc
LaTeX Font Info:    Font shape `OT1/mdbch/m/n' will be
(Font)              scaled to size 10.51207pt on input line 7.
LaTeX Font Info:    Font shape `OML/mdbch/m/it' will be
(Font)              scaled to size 10.51207pt on input line 7.
LaTeX Font Info:    Font shape `OMS/mdbch/m/n' will be
(Font)              scaled to size 10.51207pt on input line 7.
LaTeX Font Info:    Font shape `OMX/mdbch/m/n' will be
(Font)              scaled to size 10.51207pt on input line 7.
LaTeX Font Info:    Font shape `OML/mdbch/m/n' will be
(Font)              scaled to size 10.51207pt on input line 7.
LaTeX Font Info:    Font shape `MDA/mdbch/m/n' will be
(Font)              scaled to size 10.51207pt on input line 7.
LaTeX Font Info:    Font shape `MDB/mdbch/m/n' will be
(Font)              scaled to size 10.51207pt on input line 7.


File: cover/jkuen.png Graphic file (type png)
<use cover/jkuen.png>
Package pdftex.def Info: cover/jkuen.png  used on input line 40.
(pdftex.def)             Requested size: 85.35826pt x 41.9339pt.
[3

])
\tf@toc=\write8
\openout8 = `main.toc'.



File: cover/jkuen.png Graphic file (type png)
<use cover/jkuen.png>
Package pdftex.def Info: cover/jkuen.png  used on input line 252.
(pdftex.def)             Requested size: 85.35826pt x 41.9339pt.
[4]
Package tocbasic Info: character protrusion at lof deactivated on input line 252.
 (./main.lof)
\tf@lof=\write9
\openout9 = `main.lof'.



File: cover/jkuen.png Graphic file (type png)
<use cover/jkuen.png>
Package pdftex.def Info: cover/jkuen.png  used on input line 253.
(pdftex.def)             Requested size: 85.35826pt x 41.9339pt.
[5

{/usr/local/texlive/2025/texmf-dist/fonts/enc/dvips/ly1/texnansi.enc}]
Package tocbasic Info: character protrusion at lot deactivated on input line 253.
 (./main.lot)
\tf@lot=\write10
\openout10 = `main.lot'.



File: cover/jkuen.png Graphic file (type png)
<use cover/jkuen.png>
Package pdftex.def Info: cover/jkuen.png  used on input line 257.
(pdftex.def)             Requested size: 85.35826pt x 41.9339pt.
[6

] (./chapters/01_Introduction.tex
chapter 1.
LaTeX Font Info:    Font shape `T1/XCharter-TLF/m/sc' will be
(Font)              scaled to size 13.968pt on input line 1.
Package microtype Info: Character `029' is missing
(microtype)             in font `T1/XCharter-TLF/m/sc/14.4'.
(microtype)             Ignoring protrusion settings for this character.
LaTeX Font Info:    Font shape `T1/XCharter-TLF/m/n' will be
(Font)              scaled to size 13.968pt on input line 1.
LaTeX Font Info:    Font shape `T1/XCharter-TLF/m/sc' will be
(Font)              scaled to size 55.1984pt on input line 1.
Package microtype Info: Character `029' is missing
(microtype)             in font `T1/XCharter-TLF/m/sc/56.9055'.
(microtype)             Ignoring protrusion settings for this character.

Overfull \hbox (21.52736pt too wide) in paragraph at lines 1--1
[][] 
 []

LaTeX Font Info:    Font shape `OT1/mdbch/m/n' will be
(Font)              scaled to size 19.91054pt on input line 1.
LaTeX Font Info:    Font shape `OT1/mdbch/m/n' will be
(Font)              scaled to size 13.82408pt on input line 1.
LaTeX Font Info:    Font shape `OT1/mdbch/m/n' will be
(Font)              scaled to size 11.52008pt on input line 1.
LaTeX Font Info:    Font shape `OML/mdbch/m/it' will be
(Font)              scaled to size 19.91054pt on input line 1.
LaTeX Font Info:    Font shape `OML/mdbch/m/it' will be
(Font)              scaled to size 13.82408pt on input line 1.
LaTeX Font Info:    Font shape `OML/mdbch/m/it' will be
(Font)              scaled to size 11.52008pt on input line 1.
LaTeX Font Info:    Font shape `OMS/mdbch/m/n' will be
(Font)              scaled to size 19.91054pt on input line 1.
LaTeX Font Info:    Font shape `OMS/mdbch/m/n' will be
(Font)              scaled to size 13.82408pt on input line 1.
LaTeX Font Info:    Font shape `OMS/mdbch/m/n' will be
(Font)              scaled to size 11.52008pt on input line 1.
LaTeX Font Info:    Font shape `OMX/mdbch/m/n' will be
(Font)              scaled to size 19.91054pt on input line 1.
LaTeX Font Info:    Font shape `OMX/mdbch/m/n' will be
(Font)              scaled to size 13.82408pt on input line 1.
LaTeX Font Info:    Font shape `OMX/mdbch/m/n' will be
(Font)              scaled to size 11.52008pt on input line 1.
LaTeX Font Info:    Font shape `OML/mdbch/m/n' will be
(Font)              scaled to size 19.91054pt on input line 1.
LaTeX Font Info:    Font shape `OML/mdbch/m/n' will be
(Font)              scaled to size 13.82408pt on input line 1.
LaTeX Font Info:    Font shape `OML/mdbch/m/n' will be
(Font)              scaled to size 11.52008pt on input line 1.
LaTeX Font Info:    Font shape `MDA/mdbch/m/n' will be
(Font)              scaled to size 19.91054pt on input line 1.
LaTeX Font Info:    Font shape `MDA/mdbch/m/n' will be
(Font)              scaled to size 13.82408pt on input line 1.
LaTeX Font Info:    Font shape `MDA/mdbch/m/n' will be
(Font)              scaled to size 11.52008pt on input line 1.
LaTeX Font Info:    Font shape `MDB/mdbch/m/n' will be
(Font)              scaled to size 19.91054pt on input line 1.
LaTeX Font Info:    Font shape `MDB/mdbch/m/n' will be
(Font)              scaled to size 13.82408pt on input line 1.
LaTeX Font Info:    Font shape `MDB/mdbch/m/n' will be
(Font)              scaled to size 11.52008pt on input line 1.

Overfull \hbox (66.59537pt too wide) in paragraph at lines 1--1
[]  
 []

LaTeX Font Info:    Font shape `T1/XCharter-TLF/b/n' will be
(Font)              scaled to size 13.968pt on input line 3.


File: cover/jkuen.png Graphic file (type png)
<use cover/jkuen.png>
Package pdftex.def Info: cover/jkuen.png  used on input line 15.
(pdftex.def)             Requested size: 85.35826pt x 41.9339pt.
[1


]
LaTeX Font Info:    Trying to load font information for TS1+XCharter-TLF on input line 26.
 (/usr/local/texlive/2025/texmf-dist/tex/latex/xcharter/TS1XCharter-TLF.fd
File: TS1XCharter-TLF.fd 2020/05/25 (msharpe) Font definitions for TS1/XCharter-TLF.
)
LaTeX Font Info:    Font shape `TS1/XCharter-TLF/m/n' will be
(Font)              scaled to size 10.6215pt on input line 26.
Package microtype Info: Character `textbardbl ' is missing
(microtype)             in font `TS1/XCharter-TLF/m/n/10.95'.
(microtype)             Ignoring protrusion settings for this character.
Package microtype Info: Character `textcelsius ' is missing
(microtype)             in font `TS1/XCharter-TLF/m/n/10.95'.
(microtype)             Ignoring protrusion settings for this character.
) (./chapters/02_Background.tex

File: cover/jkuen.png Graphic file (type png)
<use cover/jkuen.png>
Package pdftex.def Info: cover/jkuen.png  used on input line 1.
(pdftex.def)             Requested size: 85.35826pt x 41.9339pt.
[2{/usr/local/texlive/2025/texmf-dist/fonts/enc/dvips/xcharter/xch1_co4ru4.enc}]
chapter 2.

Overfull \hbox (27.5992pt too wide) in paragraph at lines 1--1
[][] 
 []


Overfull \hbox (66.59537pt too wide) in paragraph at lines 1--1
[]  
 []

LaTeX Font Info:    Font shape `T1/XCharter-TLF/b/n' will be
(Font)              scaled to size 11.64001pt on input line 19.


File: cover/jkuen.png Graphic file (type png)
<use cover/jkuen.png>
Package pdftex.def Info: cover/jkuen.png  used on input line 22.
(pdftex.def)             Requested size: 85.35826pt x 41.9339pt.
[3

]
LaTeX Font Info:    Font shape `T1/cmss/b/n' in size <10.95> not available
(Font)              Font shape `T1/cmss/bx/n' tried instead on input line 28.
LaTeX Font Info:    Font shape `T1/cmss/bx/n' will be
(Font)              scaled to size 11.37706pt on input line 28.
LaTeX Font Info:    Font shape `T1/cmtt/m/n' will be
(Font)              scaled to size 11.73846pt on input line 42.
Package microtype Info: Loading generic protrusion settings for font family
(microtype)             `cmtt' (encoding: T1).
(microtype)             For optimal results, create family-specific settings.
(microtype)             See the microtype manual for details.


File: cover/jkuen.png Graphic file (type png)
<use cover/jkuen.png>
Package pdftex.def Info: cover/jkuen.png  used on input line 44.
(pdftex.def)             Requested size: 85.35826pt x 41.9339pt.
[4]
Package hyperref Info: bookmark level for unknown listing defaults to 0 on input line 51.
\pydata@fh@_FAD58DE7366495DB4650CFEFAC2FCD61.data.minted=\write11
\openout11 = `_FAD58DE7366495DB4650CFEFAC2FCD61.data.minted'.

runsystem(latexminted config  --timestamp 20260518032436 FAD58DE7366495DB4650CFEFAC2FCD61)...executed safely (allowed).

 (./_FAD58DE7366495DB4650CFEFAC2FCD61.config.minted)
runsystem(latexminted cleanconfig  --timestamp 20260518032436 FAD58DE7366495DB4650CFEFAC2FCD61)...executed safely (allowed).

 (./_minted/friendly.style.minted) (./_minted/6BC7FA5825DD388B2DAB471D17B691C0.highlight.minted
LaTeX Font Info:    Font shape `T1/cmtt/m/n' will be
(Font)              scaled to size 10.72006pt on input line 1.
)

File: cover/jkuen.png Graphic file (type png)
<use cover/jkuen.png>
Package pdftex.def Info: cover/jkuen.png  used on input line 71.
(pdftex.def)             Requested size: 85.35826pt x 41.9339pt.
[5] (./_minted/4F14D8CCD196E69915C8E5D327B8B4F8.highlight.minted)

File: cover/jkuen.png Graphic file (type png)
<use cover/jkuen.png>
Package pdftex.def Info: cover/jkuen.png  used on input line 96.
(pdftex.def)             Requested size: 85.35826pt x 41.9339pt.
[6]
LaTeX Font Info:    Font shape `T1/XCharter-TLF/m/n' will be
(Font)              scaled to size 5.82pt on input line 100.
) (./chapters/03_Operators.tex

File: cover/jkuen.png Graphic file (type png)
<use cover/jkuen.png>
Package pdftex.def Info: cover/jkuen.png  used on input line 1.
(pdftex.def)             Requested size: 85.35826pt x 41.9339pt.
[7]
chapter 3.

Overfull \hbox (29.14474pt too wide) in paragraph at lines 1--1
[][] 
 []


Overfull \hbox (66.59537pt too wide) in paragraph at lines 1--1
[]  
 []



File: cover/jkuen.png Graphic file (type png)
<use cover/jkuen.png>
Package pdftex.def Info: cover/jkuen.png  used on input line 35.
(pdftex.def)             Requested size: 85.35826pt x 41.9339pt.
[8

] (./_minted/ED3260FF9CA1EC983729DB86A831D431.highlight.minted)

File: cover/jkuen.png Graphic file (type png)
<use cover/jkuen.png>
Package pdftex.def Info: cover/jkuen.png  used on input line 66.
(pdftex.def)             Requested size: 85.35826pt x 41.9339pt.
[9]

File: cover/jkuen.png Graphic file (type png)
<use cover/jkuen.png>
Package pdftex.def Info: cover/jkuen.png  used on input line 92.
(pdftex.def)             Requested size: 85.35826pt x 41.9339pt.
[10]

File: cover/jkuen.png Graphic file (type png)
<use cover/jkuen.png>
Package pdftex.def Info: cover/jkuen.png  used on input line 120.
(pdftex.def)             Requested size: 85.35826pt x 41.9339pt.
[11]

File: cover/jkuen.png Graphic file (type png)
<use cover/jkuen.png>
Package pdftex.def Info: cover/jkuen.png  used on input line 138.
(pdftex.def)             Requested size: 85.35826pt x 41.9339pt.
[12]) (./chapters/04_Implementation.tex

File: cover/jkuen.png Graphic file (type png)
<use cover/jkuen.png>
Package pdftex.def Info: cover/jkuen.png  used on input line 1.
(pdftex.def)             Requested size: 85.35826pt x 41.9339pt.
[13]
chapter 4.

Overfull \hbox (26.05363pt too wide) in paragraph at lines 1--1
[][] 
 []


Overfull \hbox (66.59537pt too wide) in paragraph at lines 1--1
[]  
 []

<images/classDiagram.png, id=354, 3571.3425pt x 2927.93875pt>
File: images/classDiagram.png Graphic file (type png)
<use images/classDiagram.png>
Package pdftex.def Info: images/classDiagram.png  used on input line 9.
(pdftex.def)             Requested size: 426.7914pt x 349.86316pt.


File: cover/jkuen.png Graphic file (type png)
<use cover/jkuen.png>
Package pdftex.def Info: cover/jkuen.png  used on input line 19.
(pdftex.def)             Requested size: 85.35826pt x 41.9339pt.
[14

 <./images/classDiagram.png>]
Overfull \hbox (12.43759pt too wide) in paragraph at lines 28--35
\T1/XCharter-TLF/m/n/10.95 (-20) cu-lar de-pen-den-cies ex-ist be-tween mod-ules. An ad-di-tional util-ity script, \T1/cmtt/m/n/10.95 filter_benchmarks.py\T1/XCharter-TLF/m/n/10.95 (-20) ,
 []


Overfull \hbox (2.99141pt too wide) in paragraph at lines 42--43
[]\T1/XCharter-TLF/b/n/10.95 (-20) Header pars-ing. \T1/XCharter-TLF/m/n/10.95 (-20) The first non-comment line must match the pat-tern \T1/cmtt/m/n/10.95 p cnf <num_vars>
 []



File: cover/jkuen.png Graphic file (type png)
<use cover/jkuen.png>
Package pdftex.def Info: cover/jkuen.png  used on input line 43.
(pdftex.def)             Requested size: 85.35826pt x 41.9339pt.
[15]
Overfull \hbox (14.40565pt too wide) in paragraph at lines 47--48
[]\T1/XCharter-TLF/m/n/10.95 (-20) After pars-ing, a con-sis-tency check ver-i-fies that the num-ber of parsed clauses matches \T1/cmtt/m/n/10.95 num_clauses
 []

LaTeX Font Info:    Font shape `T1/cmtt/b/n' in size <10.95> not available
(Font)              Font shape `T1/cmtt/bx/n' tried instead on input line 54.
LaTeX Font Info:    Font shape `T1/cmtt/bx/n' in size <10.95> not available
(Font)              Font shape `T1/cmtt/m/n' tried instead on input line 54.
LaTeX Font Info:    Font shape `T1/cmtt/m/n' will be
(Font)              scaled to size 11.73846pt on input line 54.

Overfull \hbox (3.19276pt too wide) in paragraph at lines 55--56
[]\T1/XCharter-TLF/m/n/10.95 (-20) Returns a unique, machine-readable iden-ti-fier string (e.g. \T1/cmtt/m/n/10.95 "tautology_insertion"\T1/XCharter-TLF/m/n/10.95 (-20) ),
 []



File: cover/jkuen.png Graphic file (type png)
<use cover/jkuen.png>
Package pdftex.def Info: cover/jkuen.png  used on input line 59.
(pdftex.def)             Requested size: 85.35826pt x 41.9339pt.
[16]
Overfull \hbox (13.46814pt too wide) in paragraph at lines 70--73
[]\T1/cmtt/m/n/10.95 BlockedClauseInsertion()\T1/XCharter-TLF/m/n/10.95 (-20) , \T1/cmtt/m/n/10.95 BlockedClauseInsertion(negate_literal=True)\T1/XCharter-TLF/m/n/10.95 (-20) ,
 []


Overfull \hbox (13.16327pt too wide) in paragraph at lines 76--83
\T1/XCharter-TLF/m/n/10.95 (-20) tions of the same op-er-a-tor are stored as sep-a-rate rows in the CSV. For \T1/cmtt/m/n/10.95 BlockedClauseInsertion\T1/XCharter-TLF/m/n/10.95 (-20) ,
 []

(./_minted/1E3F3BEAF2C44BD4BE7D74DC1353E2E0.highlight.minted)

File: cover/jkuen.png Graphic file (type png)
<use cover/jkuen.png>
Package pdftex.def Info: cover/jkuen.png  used on input line 103.
(pdftex.def)             Requested size: 85.35826pt x 41.9339pt.
[17] (./_minted/AFE10C3553A387B49C247A567D813C7F.highlight.minted)

File: cover/jkuen.png Graphic file (type png)
<use cover/jkuen.png>
Package pdftex.def Info: cover/jkuen.png  used on input line 141.
(pdftex.def)             Requested size: 85.35826pt x 41.9339pt.
[18]
Overfull \hbox (0.33311pt too wide) in paragraph at lines 148--149
\T1/XCharter-TLF/m/n/10.95 (-20) which are ex-tracted by the \T1/cmtt/m/n/10.95 CoverageAnalyzer \T1/XCharter-TLF/m/n/10.95 (-20) parser and stored in a \T1/cmtt/m/n/10.95 CoverageReport
 []


Overfull \hbox (16.61005pt too wide) in paragraph at lines 161--162
\T1/XCharter-TLF/m/n/10.95 (-20) method it-er-ates over ev-ery com-bi-na-tion of bench-mark for-mula and op-er-a-tor, call-ing \T1/cmtt/m/n/10.95 run_single()
 []



File: cover/jkuen.png Graphic file (type png)
<use cover/jkuen.png>
Package pdftex.def Info: cover/jkuen.png  used on input line 164.
(pdftex.def)             Requested size: 85.35826pt x 41.9339pt.
[19]
Overfull \hbox (5.58821pt too wide) in paragraph at lines 171--175
\T1/XCharter-TLF/m/n/10.95 (-20) sta-tis-ti-cal sum-maries are pro-duced sep-a-rately in the Jupyter note-book \T1/cmtt/m/n/10.95 qbf_solver_analysis_
 []

(./_minted/2C7C3A1D90CFE1A60D6EC5E8AA1FB603.highlight.minted
LaTeX Font Info:    Font shape `T1/cmtt/m/it' will be
(Font)              scaled to size 10.72006pt on input line 2.
)

File: cover/jkuen.png Graphic file (type png)
<use cover/jkuen.png>
Package pdftex.def Info: cover/jkuen.png  used on input line 206.
(pdftex.def)             Requested size: 85.35826pt x 41.9339pt.
[20]
Overfull \hbox (33.06902pt too wide) in paragraph at lines 207--214
[]\T1/XCharter-TLF/m/n/10.95 (-20) Additional con-fig-u-ra-tion ar-gu-ments con-trol solver bi-nary paths (\T1/cmtt/m/n/10.95 --depqbf-src\T1/XCharter-TLF/m/n/10.95 (-20) , \T1/cmtt/m/n/10.95 --depqbf-binary\T1/XCharter-TLF/m/n/10.95 (-20) ),
 []

) (./chapters/05_Evaluation.tex

File: cover/jkuen.png Graphic file (type png)
<use cover/jkuen.png>
Package pdftex.def Info: cover/jkuen.png  used on input line 1.
(pdftex.def)             Requested size: 85.35826pt x 41.9339pt.
[21]
chapter 5.

Overfull \hbox (30.69029pt too wide) in paragraph at lines 1--1
[][] 
 []


Overfull \hbox (66.59537pt too wide) in paragraph at lines 1--1
[]  
 []



File: cover/jkuen.png Graphic file (type png)
<use cover/jkuen.png>
Package pdftex.def Info: cover/jkuen.png  used on input line 37.
(pdftex.def)             Requested size: 85.35826pt x 41.9339pt.
[22

]
Overfull \hbox (0.51357pt too wide) in paragraph at lines 46--50
\T1/cmtt/m/n/10.95 d _ c l a u s e _ i n s e r t i o n \T1/XCharter-TLF/m/n/10.95 (-20) (first ex-is-ten-tial, pos-i-tive), \T1/cmtt/m/n/10.95 blocked_clause_insertion_neg
 []



File: cover/jkuen.png Graphic file (type png)
<use cover/jkuen.png>
Package pdftex.def Info: cover/jkuen.png  used on input line 82.
(pdftex.def)             Requested size: 85.35826pt x 41.9339pt.
[23]
<images/equivalence_rate.png, id=440, 854.2314pt x 420.3705pt>
File: images/equivalence_rate.png Graphic file (type png)
<use images/equivalence_rate.png>
Package pdftex.def Info: images/equivalence_rate.png  used on input line 104.
(pdftex.def)             Requested size: 426.7914pt x 210.02437pt.


File: cover/jkuen.png Graphic file (type png)
<use cover/jkuen.png>
Package pdftex.def Info: cover/jkuen.png  used on input line 120.
(pdftex.def)             Requested size: 85.35826pt x 41.9339pt.
[24 <./images/equivalence_rate.png>]
<images/time_ratio_boxplot_depqbf.png, id=449, 854.2314pt x 420.3705pt>
File: images/time_ratio_boxplot_depqbf.png Graphic file (type png)
<use images/time_ratio_boxplot_depqbf.png>
Package pdftex.def Info: images/time_ratio_boxplot_depqbf.png  used on input line 129.
(pdftex.def)             Requested size: 426.7914pt x 210.02437pt.
<images/time_ratio_boxplot_caqe.png, id=451, 854.2314pt x 420.3705pt>
File: images/time_ratio_boxplot_caqe.png Graphic file (type png)
<use images/time_ratio_boxplot_caqe.png>
Package pdftex.def Info: images/time_ratio_boxplot_caqe.png  used on input line 140.
(pdftex.def)             Requested size: 426.7914pt x 210.02437pt.


LaTeX Warning: `h' float specifier changed to `ht'.

<images/solver_comparison.png, id=453, 854.2314pt x 420.3705pt>
File: images/solver_comparison.png Graphic file (type png)
<use images/solver_comparison.png>
Package pdftex.def Info: images/solver_comparison.png  used on input line 151.
(pdftex.def)             Requested size: 426.7914pt x 210.02437pt.


File: cover/jkuen.png Graphic file (type png)
<use cover/jkuen.png>
Package pdftex.def Info: cover/jkuen.png  used on input line 154.
(pdftex.def)             Requested size: 85.35826pt x 41.9339pt.
[25 <./images/time_ratio_boxplot_depqbf.png>]

LaTeX Warning: `h' float specifier changed to `ht'.



File: cover/jkuen.png Graphic file (type png)
<use cover/jkuen.png>
Package pdftex.def Info: cover/jkuen.png  used on input line 178.
(pdftex.def)             Requested size: 85.35826pt x 41.9339pt.
[26 <./images/time_ratio_boxplot_caqe.png>]
<images/coverage_delta_line.png, id=467, 854.2314pt x 420.3705pt>
File: images/coverage_delta_line.png Graphic file (type png)
<use images/coverage_delta_line.png>
Package pdftex.def Info: images/coverage_delta_line.png  used on input line 199.
(pdftex.def)             Requested size: 426.7914pt x 210.02437pt.


File: cover/jkuen.png Graphic file (type png)
<use cover/jkuen.png>
Package pdftex.def Info: cover/jkuen.png  used on input line 206.
(pdftex.def)             Requested size: 85.35826pt x 41.9339pt.
[27 <./images/solver_comparison.png>]
<images/coverage_delta_branch.png, id=475, 854.2314pt x 420.3705pt>
File: images/coverage_delta_branch.png Graphic file (type png)
<use images/coverage_delta_branch.png>
Package pdftex.def Info: images/coverage_delta_branch.png  used on input line 217.
(pdftex.def)             Requested size: 426.7914pt x 210.02437pt.


LaTeX Warning: `h' float specifier changed to `ht'.



File: cover/jkuen.png Graphic file (type png)
<use cover/jkuen.png>
Package pdftex.def Info: cover/jkuen.png  used on input line 243.
(pdftex.def)             Requested size: 85.35826pt x 41.9339pt.
[28 <./images/coverage_delta_line.png>]

File: cover/jkuen.png Graphic file (type png)
<use cover/jkuen.png>
Package pdftex.def Info: cover/jkuen.png  used on input line 263.
(pdftex.def)             Requested size: 85.35826pt x 41.9339pt.
[29 <./images/coverage_delta_branch.png>]
<images/scatter_depqbf.png, id=490, 854.2314pt x 420.3705pt>
File: images/scatter_depqbf.png Graphic file (type png)
<use images/scatter_depqbf.png>
Package pdftex.def Info: images/scatter_depqbf.png  used on input line 280.
(pdftex.def)             Requested size: 426.7914pt x 210.02437pt.
<images/scatter_caqe.png, id=491, 854.2314pt x 420.3705pt>
File: images/scatter_caqe.png Graphic file (type png)
<use images/scatter_caqe.png>
Package pdftex.def Info: images/scatter_caqe.png  used on input line 287.
(pdftex.def)             Requested size: 426.7914pt x 210.02437pt.


LaTeX Warning: `h' float specifier changed to `ht'.

<images/coverage_vs_ratio_depqbf.png, id=493, 1143.3114pt x 355.5684pt>
File: images/coverage_vs_ratio_depqbf.png Graphic file (type png)
<use images/coverage_vs_ratio_depqbf.png>
Package pdftex.def Info: images/coverage_vs_ratio_depqbf.png  used on input line 296.
(pdftex.def)             Requested size: 426.7914pt x 132.73015pt.


File: cover/jkuen.png Graphic file (type png)
<use cover/jkuen.png>
Package pdftex.def Info: cover/jkuen.png  used on input line 299.
(pdftex.def)             Requested size: 85.35826pt x 41.9339pt.
[30 <./images/scatter_depqbf.png>]

File: cover/jkuen.png Graphic file (type png)
<use cover/jkuen.png>
Package pdftex.def Info: cover/jkuen.png  used on input line 312.
(pdftex.def)             Requested size: 85.35826pt x 41.9339pt.
[31 <./images/scatter_caqe.png> <./images/coverage_vs_ratio_depqbf.png>]) (./chapters/06_Conclusion.tex

File: cover/jkuen.png Graphic file (type png)
<use cover/jkuen.png>
Package pdftex.def Info: cover/jkuen.png  used on input line 1.
(pdftex.def)             Requested size: 85.35826pt x 41.9339pt.
[32]

File: cover/jkuen.png Graphic file (type png)
<use cover/jkuen.png>
Package pdftex.def Info: cover/jkuen.png  used on input line 1.
(pdftex.def)             Requested size: 85.35826pt x 41.9339pt.
[33]
chapter 6.

Overfull \hbox (29.14474pt too wide) in paragraph at lines 1--1
[][] 
 []


Overfull \hbox (66.59537pt too wide) in paragraph at lines 1--1
[]  
 []



File: cover/jkuen.png Graphic file (type png)
<use cover/jkuen.png>
Package pdftex.def Info: cover/jkuen.png  used on input line 46.
(pdftex.def)             Requested size: 85.35826pt x 41.9339pt.
[34

])

File: cover/jkuen.png Graphic file (type png)
<use cover/jkuen.png>
Package pdftex.def Info: cover/jkuen.png  used on input line 268.
(pdftex.def)             Requested size: 85.35826pt x 41.9339pt.
[35]
LaTeX Font Info:    Font shape `T1/XCharter-TLF/m/sc' will be
(Font)              scaled to size 10.6215pt on input line 268.
Package microtype Info: Character `029' is missing
(microtype)             in font `T1/XCharter-TLF/m/sc/10.95'.
(microtype)             Ignoring protrusion settings for this character.


File: cover/jkuen.png Graphic file (type png)
<use cover/jkuen.png>
Package pdftex.def Info: cover/jkuen.png  used on input line 276.
(pdftex.def)             Requested size: 85.35826pt x 41.9339pt.
[36

] 
enddocument/afterlastpage (AED): lastpage setting LastPage.
(./main.aux (./cover/coversheet.aux))
 ***********
LaTeX2e <2024-11-01> patch level 2
L3 programming layer <2020/03/25>
 ***********
Package rerunfilecheck Info: File `main.out' has not changed.
(rerunfilecheck)             Checksum: D41D8CD98F00B204E9800998ECF8427E;0.
Package logreq Info: Writing requests to 'main.run.xml'.
\openout1 = `main.run.xml'.

 ) 
Here is how much of TeX's memory you used:
 60248 strings out of 473190
 1284682 string characters out of 5715800
 2427505 words of memory out of 5000000
 81828 multiletter control sequences out of 15000+600000
 743895 words of font info for 390 fonts, out of 8000000 for 9000
 1143 hyphenation exceptions out of 8191
 107i,24n,135p,11014b,4695s stack positions out of 10000i,1000n,20000p,200000b,200000s
</usr/local/texlive/2025/texmf-dist/fonts/type1/public/xcharter/XCharter-Bold.pfb></usr/local/texlive/2025/texmf-dist/fonts/type1/public/xcharter/XCharter-Italic.pfb></usr/local/texlive/2025/texmf-dist/fonts/type1/public/xcharter/XCharter-Roman.pfb></usr/local/texlive/2025/texmf-dist/fonts/type1/bitstrea/charter/bchr8a.pfb></usr/local/texlive/2025/texmf-dist/fonts/type1/bitstrea/charter/bchri8a.pfb></usr/local/texlive/2025/texmf-dist/fonts/type1/public/amsfonts/cm/cmr10.pfb></usr/local/texlive/2025/texmf-dist/fonts/type1/public/mathdesign/mdbch/md-chr7m.pfb></usr/local/texlive/2025/texmf-dist/fonts/type1/public/mathdesign/mdbch/md-chr7v.pfb></usr/local/texlive/2025/texmf-dist/fonts/type1/public/mathdesign/mdbch/md-chr7y.pfb></usr/local/texlive/2025/texmf-dist/fonts/type1/public/mathdesign/mdbch/md-chri7m.pfb></usr/local/texlive/2025/texmf-dist/fonts/type1/public/cm-super/sfss0800.pfb></usr/local/texlive/2025/texmf-dist/fonts/type1/public/cm-super/sfss0900.pfb></usr/local/texlive/2025/texmf-dist/fonts/type1/public/cm-super/sfss1000.pfb></usr/local/texlive/2025/texmf-dist/fonts/type1/public/cm-super/sfss1095.pfb></usr/local/texlive/2025/texmf-dist/fonts/type1/public/cm-super/sfss1440.pfb></usr/local/texlive/2025/texmf-dist/fonts/type1/public/cm-super/sfsx1000.pfb></usr/local/texlive/2025/texmf-dist/fonts/type1/public/cm-super/sfsx1095.pfb></usr/local/texlive/2025/texmf-dist/fonts/type1/public/cm-super/sftt1000.pfb></usr/local/texlive/2025/texmf-dist/fonts/type1/public/cm-super/sftt1095.pfb></usr/local/texlive/2025/texmf-dist/fonts/type1/urw/grotesq/ugqb8a.pfb></usr/local/texlive/2025/texmf-dist/fonts/type1/urw/palatino/uplr8a.pfb>
Output written on main.pdf (43 pages, 2639725 bytes).
PDF statistics:
 872 PDF objects out of 1000 (max. 8388607)
 753 compressed objects within 8 object streams
 161 named destinations out of 1000 (max. 500000)
 81510 words of extra memory for PDF output out of 89155 (max. 10000000)

